order_id;product_id;unit_price;quantity;discount
831;11;14;12;0
831;42;9,8;10;0
831;72;34,8;5;0
832;14;18,6;9;0
832;51;42,4;40;0
833;41;7,7;10;0
833;51;42,4;35;0,15
833;65;16,8;15;0,15
834;22;16,8;6;0,05
834;57;15,6;15;0,05
834;65;16,8;20;0
835;20;64,8;40;0,05
835;33;2;25;0,05
835;60;27,2;40;0
836;31;10;20;0
836;39;14,4;42;0
836;49;16;40;0
837;24;3,6;15;0,15
837;55;19,2;21;0,15
837;74;8;21;0
838;2;15,2;20;0
838;16;13,9;35;0
838;36;15,2;25;0
838;59;44;30;0
839;53;26,2;15;0
839;77;10,4;12;0
840;27;35,1;25;0
840;39;14,4;6;0
840;77;10,4;15;0
841;2;15,2;50;0,2
841;5;17;65;0,2
841;32;25,6;6;0,2
842;21;8;10;0
842;37;20,8;1;0
843;41;7,7;16;0,25
843;57;15,6;50;0
843;62;39,4;15;0,25
843;70;12;21;0,25
844;21;8;20;0
844;35;14,4;20;0
845;5;17;12;0,2
845;7;24;15;0
845;56;30,4;2;0
846;16;13,9;60;0,25
846;24;3,6;28;0
846;30;20,7;60;0,25
846;74;8;36;0,25
847;2;15,2;35;0
847;41;7,7;25;0,15
848;17;31,2;30;0
848;70;12;20;0
849;12;30,4;12;0,05
850;40;14,7;50;0
850;59;44;70;0,15
850;76;14,4;15;0,15
851;29;99;10;0
851;72;27,8;4;0
852;33;2;60;0,05
852;72;27,8;20;0,05
853;36;15,2;30;0
853;43;36,8;25;0
854;33;2;24;0
855;20;64,8;6;0
855;31;10;40;0
855;72;27,8;24;0
856;10;24,8;24;0,05
856;31;10;15;0,05
856;33;2;20;0
856;40;14,7;60;0,05
856;76;14,4;33;0,05
857;71;17,2;20;0
857;72;27,8;7;0
858;24;3,6;12;0,05
858;59;44;6;0,05
859;10;24,8;15;0
859;13;4,8;10;0
860;28;36,4;20;0
860;62;39,4;12;0
861;44;15,5;16;0
861;59;44;15;0
861;63;35,1;8;0
861;73;12;25;0
862;17;31,2;15;0,25
863;24;3,6;12;0
863;55;19,2;20;0
863;75;6,2;30;0
864;19;7,3;1;0
864;24;3,6;6;0
864;35;14,4;4;0
865;30;20,7;6;0
865;57;15,6;2;0
866;15;12,4;20;0
866;19;7,3;18;0
866;60;27,2;35;0
866;72;27,8;3;0
867;27;35,1;15;0,25
867;44;15,5;21;0
867;60;27,2;20;0,25
867;67;11,2;5;0,25
868;1;14,4;45;0,2
868;40;14,7;40;0,2
868;53;26,2;36;0,2
869;35;14,4;100;0
869;62;39,4;40;0
870;16;13,9;40;0,15
870;34;11,2;20;0
870;46;9,6;15;0,15
871;54;5,9;10;0,1
871;68;10;3;0,1
872;3;8;30;0
872;64;26,6;9;0
873;5;17;20;0
873;29;99;15;0
873;49;16;15;0
873;77;10,4;10;0
874;13;4,8;20;0,1
874;44;15,5;24;0,1
874;51;42,4;2;0,1
875;20;64,8;20;0
876;18;50;12;0
876;24;3,6;10;0
876;63;35,1;5;0
876;75;6,2;6;0
877;1;14,4;18;0
877;17;31,2;15;0
877;43;36,8;15;0
877;60;27,2;21;0
877;75;6,2;6;0
878;56;30,4;4;0
879;11;16,8;12;0
879;16;13,9;30;0
879;69;28,8;15;0
880;39;14,4;60;0
880;72;27,8;20;0
881;2;15,2;40;0
881;36;15,2;40;0,25
881;59;44;30;0,25
881;62;39,4;15;0
882;19;7,3;15;0
882;70;12;20;0
883;66;13,6;30;0
883;68;10;20;0
884;40;14,7;10;0
884;56;30,4;20;0
885;17;31,2;40;0
885;28;36,4;28;0
885;43;36,8;12;0
886;40;14,7;40;0,1
886;65;16,8;30;0,1
886;68;10;15;0,1
887;49;16;30;0
887;59;44;10;0
887;71;17,2;2;0
888;18;50;25;0,1
888;29;99;25;0,1
888;39;14,4;30;0,1
889;30;20,7;10;0
889;53;26,2;10;0
889;54;5,9;5;0
890;62;39,4;10;0
890;68;10;3;0
891;69;28,8;1;0
891;70;12;5;0
892;4;17,6;20;0
892;6;20;30;0
892;42;11,2;2;0
892;43;36,8;20;0
892;71;17,2;3;0
893;16;13,9;10;0
893;62;39,4;5;0
894;42;11,2;6;0
894;69;28,8;7;0
895;28;36,4;4;0
895;43;36,8;24;0
895;53;26,2;20;0
895;75;6,2;10;0
896;36;15,2;12;0
897;32;25,6;40;0,1
897;58;10,6;30;0,1
897;62;39,4;25;0,1
898;34;11,2;14;0
898;70;12;30;0
899;41;7,7;10;0
899;62;39,4;70;0
900;1;14,4;20;0
901;41;7,7;20;0
901;76;14,4;6;0
902;17;31,2;8;0
902;28;36,4;14;0
902;76;14,4;30;0
903;71;17,2;30;0
904;35;14,4;10;0
905;52;5,6;20;0
906;15;12,4;5;0
906;25;11,2;4;0
906;39;14,4;4;0
907;16;13,9;21;0,15
907;35;14,4;70;0,15
907;46;9,6;30;0
907;59;44;40;0,15
907;63;35,1;80;0,15
908;6;20;6;0
908;13;4,8;12;0
908;14;18,6;9;0
908;31;10;4;0
908;72;27,8;40;0
909;4;17,6;24;0
909;57;15,6;16;0
909;75;6,2;50;0
910;2;15,2;25;0,2
910;11;16,8;50;0,2
910;30;20,7;35;0,2
910;58;10,6;30;0,2
911;59;44;9;0
911;65;16,8;40;0
911;68;10;10;0
912;19;7,3;10;0,05
912;30;20,7;8;0,05
912;38;210,8;20;0,05
912;56;30,4;12;0,05
913;26;24,9;50;0,15
913;72;27,8;25;0,15
914;54;5,9;15;0
915;18;50;40;0,2
915;42;11,2;10;0,2
915;47;7,6;16;0,2
916;14;18,6;10;0
916;21;8;10;0,1
916;71;17,2;40;0,1
917;52;5,6;8;0
917;68;10;10;0
918;2;15,2;7;0,2
918;31;10;25;0,2
918;32;25,6;6;0,2
918;51;42,4;48;0,2
919;4;17,6;18;0,1
920;23;7,2;40;0
920;26;24,9;24;0
920;36;15,2;20;0
920;37;20,8;28;0
920;72;27,8;25;0
921;17;31,2;20;0
921;30;20,7;15;0
922;4;17,6;10;0
922;17;31,2;70;0,05
922;62;39,4;28;0
923;18;50;20;0,05
923;41;7,7;12;0,05
923;43;36,8;40;0,05
924;33;2;8;0
924;59;44;9;0,15
925;2;15,2;24;0,2
925;31;10;56;0,2
925;36;15,2;40;0,2
925;55;19,2;40;0,2
926;64;26,6;50;0
926;68;10;4;0,05
926;76;14,4;15;0
927;4;17,6;35;0
927;8;32;70;0,25
928;8;32;70;0
928;19;7,3;80;0
928;42;11,2;9;0
929;17;31,2;36;0,1
929;56;30,4;20;0
930;25;11,2;10;0
930;39;14,4;50;0,15
930;40;14,7;4;0
930;75;6,2;6;0,15
931;1;14,4;15;0,15
931;23;7,2;25;0
932;54;5,9;24;0
933;50;13;15;0,1
933;69;28,8;18;0,1
934;38;210,8;20;0,05
934;41;7,7;13;0
934;44;15,5;77;0,05
934;65;16,8;10;0,05
935;24;3,6;10;0
935;54;5,9;20;0,15
936;11;16,8;12;0,2
936;38;210,8;50;0,2
937;1;14,4;12;0
937;29;99;4;0
938;24;3,6;25;0
938;57;15,6;25;0
939;31;10;30;0
939;55;19,2;12;0
939;69;28,8;20;0
940;10;24,8;30;0,2
940;26;24,9;16;0
940;60;27,2;8;0,2
941;24;3,6;10;0,05
941;34;11,2;10;0,05
941;36;15,2;20;0,05
942;16;13,9;56;0,05
942;31;10;70;0,05
942;60;27,2;80;0,05
943;28;36,4;30;0
943;29;99;35;0
943;38;210,8;10;0
943;49;16;35;0
943;54;5,9;28;0
944;39;14,4;54;0,1
944;60;27,2;55;0,1
945;25;11,2;50;0
945;51;42,4;20;0
945;54;5,9;24;0
946;31;10;20;0
946;75;6,2;12;0
946;76;14,4;12;0
947;69;28,8;30;0
947;71;17,2;5;0
948;11;16,8;24;0
949;65;16,8;5;0
949;77;10,4;5;0
950;34;11,2;36;0
950;54;5,9;18;0
950;65;16,8;15;0
950;77;10,4;7;0
951;21;8;5;0,1
951;28;36,4;13;0,1
951;57;15,6;25;0
951;64;26,6;35;0,1
952;29;99;20;0
952;56;30,4;18;0,25
953;1;14,4;15;0,15
953;64;26,6;30;0
953;74;8;20;0,15
954;36;15,2;6;0,2
955;20;64,8;12;0,25
955;38;210,8;40;0,25
955;60;27,2;70;0,25
955;72;27,8;42;0,25
956;58;10,6;80;0,2
956;71;17,2;50;0,2
957;31;10;30;0
957;58;10,6;15;0
958;14;18,6;15;0
958;54;5,9;10;0
959;31;10;42;0,05
960;28;36,4;20;0,15
960;39;14,4;20;0,15
961;71;17,2;6;0
962;41;7,7;8;0,1
962;63;35,1;16;0,1
962;65;16,8;20;0,1
963;30;20,7;18;0,1
963;53;26,2;20;0,1
963;60;27,2;6;0,1
963;70;12;30;0
964;74;8;14;0
965;5;17;32;0
965;18;50;9;0
965;29;99;14;0
965;33;2;60;0
965;74;8;50;0
966;13;4,8;20;0
966;50;13;15;0
966;56;30,4;20;0
967;20;64,8;28;0
967;60;27,2;15;0
968;7;24;10;0,2
968;60;27,2;20;0,2
968;68;10;8;0,2
969;24;3,6;15;0
969;34;11,2;10;0
970;24;3,6;15;0
970;28;36,4;6;0
970;59;44;12;0
970;71;17,2;15;0
971;45;7,6;15;0,2
971;52;5,6;20;0,2
971;53;26,2;40;0
972;10;24,8;16;0
972;55;19,2;15;0
972;62;39,4;20;0
972;70;12;30;0
973;31;10;60;0,1
973;35;14,4;40;0,1
973;46;9,6;45;0
973;72;27,8;24;0,1
974;13;4,8;18;0
975;69;28,8;50;0
976;2;15,2;25;0,25
976;14;18,6;42;0,25
976;25;11,2;7;0,25
976;26;24,9;70;0,25
976;31;10;32;0
977;13;4,8;10;0
977;62;39,4;10;0
978;46;9,6;28;0,1
978;53;26,2;70;0,1
978;69;28,8;8;0
979;23;7,2;40;0
979;71;17,2;60;0
979;72;27,8;21;0
980;21;8;10;0,15
980;51;42,4;18;0,15
981;35;14,4;30;0
981;55;19,2;120;0,1
982;68;10;60;0
982;71;17,2;30;0
982;76;14,4;35;0
982;77;10,4;14;0
983;29;99;21;0
983;35;14,4;35;0
983;49;16;30;0
984;30;20,7;18;0
984;56;30,4;70;0
984;65;16,8;20;0
984;71;17,2;60;0
985;23;7,2;60;0
985;63;35,1;65;0
986;16;13,9;21;0,15
986;48;10,2;70;0,15
987;26;24,9;30;0,05
987;42;11,2;40;0,05
987;49;16;30;0,05
988;3;8;50;0
989;1;14,4;10;0
989;21;8;30;0,1
989;28;36,4;42;0,1
989;36;15,2;5;0,1
989;40;14,7;2;0,1
990;11;16,8;30;0
990;69;28,8;15;0
990;71;17,2;15;0
991;37;20,8;10;0
991;54;5,9;6;0
991;62;39,4;35;0
992;14;18,6;12;0
992;21;8;12;0
993;33;2;49;0
993;59;44;16;0
994;41;7,7;25;0,2
994;44;15,5;40;0,2
994;59;44;9;0,2
995;14;18,6;20;0,1
996;1;14,4;24;0
996;62;39,4;40;0
996;76;14,4;14;0
997;19;7,3;18;0,05
997;33;2;50;0
998;17;31,2;2;0
998;33;2;20;0
999;19;7,3;20;0
999;53;26,2;10;0
999;57;15,6;20;0
1000;38;210,8;50;0
1000;46;9,6;2;0,25
1000;68;10;36;0,25
1000;77;10,4;35;0
1001;2;15,2;60;0
1001;47;7,6;55;0
1001;61;22,8;16;0
1001;74;8;15;0
1002;60;27,2;60;0,05
1002;69;28,8;20;0,05
1003;9;77,6;20;0,1
1003;13;4,8;2;0,1
1003;70;12;8;0,1
1003;73;12;20;0,1
1004;19;7,3;4;0,15
1004;26;24,9;30;0
1004;53;26,2;15;0,15
1004;77;10,4;10;0,15
1005;26;24,9;2;0
1006;31;10;14;0
1006;59;44;20;0
1007;35;14,4;60;0,2
1007;38;210,8;49;0,2
1007;68;10;30;0,2
1008;55;19,2;10;0,25
1008;76;14,4;20;0,25
1009;56;30,4;5;0
1009;64;26,6;7;0
1010;14;18,6;35;0
1011;46;9,6;20;0
1012;50;13;40;0
1012;63;35,1;35;0,25
1013;17;31,2;45;0,2
1013;21;8;50;0
1013;56;30,4;30;0
1013;59;44;70;0,2
1014;17;31,2;50;0,25
1014;40;14,7;50;0,25
1014;47;7,6;30;0,25
1015;26;24,9;10;0
1015;54;5,9;40;0
1016;56;30,4;28;0
1017;11;16,8;6;0
1017;76;14,4;18;0,15
1018;2;15,2;10;0
1018;22;16,8;12;0
1018;72;27,8;10;0
1019;46;9,6;5;0
1019;56;30,4;40;0,1
1019;64;26,6;30;0,1
1019;75;6,2;24;0,1
1020;53;26,2;15;0
1021;19;7,3;15;0,2
1021;34;11,2;20;0,2
1021;57;15,6;15;0,2
1022;12;30,4;15;0
1022;16;13,9;16;0
1022;64;26,6;6;0
1022;74;8;30;0
1023;2;15,2;45;0,15
1023;16;13,9;49;0,15
1023;29;99;24;0,15
1023;61;22,8;90;0,15
1024;27;35,1;50;0
1025;11;16,8;30;0
1025;54;5,9;80;0
1025;66;13,6;60;0
1026;11;16,8;6;0,2
1026;28;36,4;12;0
1027;17;31,2;10;0
1027;26;24,9;15;0
1027;35;14,4;8;0
1027;41;7,7;30;0
1028;39;14,4;6;0
1028;54;5,9;15;0
1029;19;7,3;12;0,1
1029;24;3,6;20;0,1
1029;31;10;3;0,1
1029;52;5,6;15;0,1
1030;19;7,3;40;0
1030;65;16,8;35;0
1030;71;17,2;2;0
1031;26;24,9;6;0
1031;40;14,7;20;0
1032;10;24,8;14;0
1032;52;5,6;20;0
1032;62;39,4;35;0
1033;10;24,8;20;0,2
1033;54;5,9;6;0,2
1034;55;19,2;120;0,1
1034;64;26,6;35;0,1
1034;65;16,8;28;0,1
1034;77;10,4;55;0,1
1035;28;36,4;15;0
1035;44;15,5;100;0,05
1036;48;10,2;15;0,1
1036;70;12;25;0,1
1037;16;13,9;20;0,2
1037;33;2;20;0,2
1037;46;9,6;10;0,2
1038;39;14,4;20;0
1038;53;26,2;50;0
1038;61;22,8;25;0
1038;71;17,2;30;0
1039;21;8;40;0,15
1039;49;16;21;0,15
1040;59;44;36;0
1041;26;24,9;30;0
1041;28;36,4;30;0
1041;43;36,8;20;0
1041;56;30,4;15;0
1041;71;17,2;50;0
1042;7;24;16;0,05
1042;46;9,6;20;0,05
1042;72;27,8;40;0
1043;68;10;21;0,25
1043;75;6,2;4;0,25
1044;21;8;40;0,25
1044;30;20,7;28;0,25
1044;55;19,2;60;0,25
1045;13;4,8;1;0
1045;23;7,2;21;0
1046;19;7,3;21;0
1046;42;11,2;50;0
1047;4;17,6;16;0,2
1047;43;36,8;3;0
1047;56;30,4;30;0,2
1047;60;27,2;20;0
1048;24;3,6;25;0
1048;29;99;18;0,1
1048;40;14,7;20;0
1048;45;7,6;30;0,1
1048;50;13;25;0
1049;11;16,8;10;0
1049;46;9,6;5;0
1050;24;3,6;28;0
1050;25;11,2;12;0
1051;30;20,7;8;0
1051;43;36,8;15;0
1052;2;15,2;40;0,15
1052;16;13,9;35;0,15
1052;44;15,5;2;0,15
1053;18;50;30;0
1053;23;7,2;15;0
1053;64;26,6;8;0
1054;7;24;30;0
1054;56;30,4;20;0
1055;24;3,6;80;0,05
1055;51;42,4;18;0
1056;33;2;12;0
1056;71;17,2;12;0
1057;14;18,6;12;0
1057;28;36,4;18;0
1057;40;14,7;21;0
1057;75;6,2;10;0
1058;31;10;35;0,15
1058;66;13,6;60;0,15
1058;76;14,4;42;0,15
1059;55;19,2;2;0,05
1059;70;12;12;0
1060;1;14,4;15;0
1060;21;8;21;0,25
1060;39;14,4;20;0,25
1061;10;24,8;20;0,05
1062;38;210,8;30;0
1062;53;26,2;28;0
1062;59;44;60;0
1062;64;26,6;30;0
1063;47;7,6;30;0
1063;59;44;12;0
1064;49;16;24;0
1064;60;27,2;40;0
1065;40;14,7;10;0
1066;34;11,2;35;0,05
1066;77;10,4;30;0,05
1067;21;8;14;0
1067;40;14,7;10;0
1067;51;42,4;3;0
1068;2;15,2;20;0,1
1068;3;8;20;0,1
1068;55;19,2;30;0,1
1068;70;12;60;0,1
1069;11;16,8;5;0
1069;51;42,4;25;0
1069;74;8;16;0
1070;19;7,3;5;0
1070;26;24,9;30;0
1070;54;5,9;24;0,25
1071;59;44;30;0
1071;73;12;20;0,2
1072;11;16,8;15;0,25
1072;16;13,9;18;0
1073;59;44;60;0
1073;68;10;30;0
1073;75;6,2;36;0
1074;44;15,5;15;0,15
1074;77;10,4;7;0,15
1075;25;11,2;60;0,05
1075;42;11,2;20;0,05
1076;65;16,8;15;0,1
1076;66;13,6;10;0,1
1076;69;28,8;10;0,1
1077;56;30,4;30;0
1078;23;7,2;10;0
1078;41;7,7;20;0
1078;77;10,4;5;0
1079;31;10;20;0,05
1080;56;30,4;14;0
1080;72;27,8;25;0
1080;77;10,4;25;0
1081;24;4,5;14;0
1081;40;18,4;5;0
1081;42;14;30;0
1082;28;45,6;20;0
1082;49;20;25;0
1083;15;15,5;12;0,05
1083;28;45,6;8;0,05
1084;54;7,45;20;0
1085;45;9,5;21;0
1085;53;32,8;6;0
1085;67;14;30;0
1086;14;23,25;70;0
1086;65;21,05;20;0
1087;2;19;12;0
1087;21;10;12;0
1087;53;32,8;10;0
1087;61;28,5;25;0
1088;62;49,3;3;0
1089;25;14;18;0,1
1089;70;15;14;0,1
1090;43;46;15;0,15
1090;48;12,75;15;0,15
1091;13;6;10;0
1091;39;18;10;0
1092;28;45,6;3;0
1093;29;123,79;36;0
1093;75;7,75;36;0,1
1094;4;22;50;0,15
1094;7;30;50;0,15
1094;8;40;10;0,15
1095;24;4,5;10;0,15
1095;46;12;9;0,15
1095;47;9,5;6;0,15
1095;60;34;12;0,15
1096;21;10;40;0,2
1096;32;32;50;0,2
1096;61;28,5;15;0,2
1097;20;81;39;0
1097;28;45,6;35;0
1097;56;38;70;0
1097;65;21,05;39;0
1097;75;7,75;50;0
1098;9;97;16;0,15
1098;16;17,45;50;0
1098;27;43,9;120;0
1098;33;2,5;16;0,15
1098;60;34;84;0,15
1099;18;62,5;25;0,1
1099;41;9,65;80;0,1
1099;42;14;20;0
1100;52;7;6;0
1100;59;55;4;0
1100;70;15;6;0
1101;24;4,5;5;0
1101;38;263,5;15;0
1101;44;19,45;9;0
1102;10;31;16;0,05
1102;56;38;40;0
1102;60;34;10;0,05
1103;24;4,5;8;0
1103;53;32,8;5;0
1104;35;18;3;0
1104;41;9,65;10;0
1104;68;12,5;6;0
1105;1;18;40;0,2
1105;8;40;24;0
1105;30;25,89;20;0,2
1105;40;18,4;25;0,2
1106;17;39;25;0,1
1106;20;81;15;0,1
1106;37;26;18;0,1
1106;41;9,65;6;0,1
1107;10;31;2;0
1107;30;25,89;10;0
1107;43;46;60;0
1107;54;7,45;15;0
1108;36;19;30;0
1108;40;18,4;15;0,1
1109;1;18;8;0,15
1109;13;6;10;0
1109;56;38;30;0,15
1110;4;22;50;0,1
1110;36;19;30;0,1
1111;11;21;3;0
1111;33;2,5;8;0,2
1111;72;34,8;9;0
1112;55;24;14;0
1112;68;12,5;20;0
1112;69;36;10;0
1113;17;39;40;0
1113;43;46;25;0
1113;61;28,5;20;0
1113;76;18;50;0
1114;59;55;2;0
1115;30;25,89;15;0
1115;66;17;24;0
1116;4;22;50;0,05
1116;72;34,8;24;0
1116;73;15;24;0,05
1117;30;25,89;10;0
1117;40;18,4;10;0,2
1117;54;7,45;10;0,2
1118;11;21;50;0,1
1118;40;18,4;10;0,1
1118;57;19,5;5;0,1
1118;59;55;15;0,1
1119;12;38;15;0,25
1119;31;12,5;20;0
1119;33;2,5;30;0
1119;60;34;35;0,25
1120;31;12,5;30;0
1120;51;53;6;0
1120;58;13,25;20;0
1120;72;34,8;21;0
1120;73;15;9;0
1121;70;15;7;0
1121;72;34,8;1;0
1122;13;6;8;0
1122;21;10;15;0
1122;33;2,5;15;0
1122;49;20;6;0
1123;3;10;60;0
1123;26;31,23;40;0
1123;38;263,5;30;0
1123;68;12,5;35;0
1124;24;4,5;35;0,1
1124;38;263,5;4;0,1
1124;65;21,05;36;0,1
1124;71;21,5;9;0,1
1125;11;21;15;0,05
1125;54;7,45;24;0,05
1126;12;38;30;0,15
1126;23;9;70;0,15
1127;28;45,6;7;0
1127;67;14;7;0
1128;11;21;10;0
1129;7;30;10;0
1129;35;18;30;0
1129;62;49,3;40;0
1130;32;32;24;0,15
1130;36;19;60;0
1131;34;14;10;0,25
1131;41;9,65;14;0
1132;31;12,5;55;0,15
1132;45;9,5;100;0,15
1132;51;53;48;0,15
1133;17;39;8;0,1
1133;19;9,2;10;0
1133;21;10;6;0,1
1133;61;28,5;10;0,1
1134;16;17,45;40;0,15
1134;35;18;20;0,15
1134;44;19,45;40;0
1135;69;36;18;0
1135;75;7,75;30;0
1136;11;21;15;0
1136;16;17,45;14;0
1136;22;21;24;0
1136;31;12,5;30;0
1136;35;18;6;0
1137;16;17,45;30;0,05
1137;23;9;20;0,05
1137;62;49,3;20;0,05
1137;77;13;10;0,05
1138;14;23,25;30;0,2
1138;19;9,2;35;0,2
1138;24;4,5;18;0,2
1138;51;53;20;0,2
1138;56;38;40;0,2
1139;72;34,8;24;0
1140;64;33,25;30;0
1140;75;7,75;20;0
1141;47;9,5;25;0
1141;51;53;20;0
1141;52;7;30;0
1141;53;32,8;18;0
1141;73;15;3;0
1142;41;9,65;12;0,05
1142;55;24;18;0,05
1143;30;25,89;20;0
1143;62;49,3;15;0,25
1144;44;19,45;10;0
1144;51;53;50;0
1145;33;2,5;20;0,1
1145;62;49,3;10;0,1
1146;36;19;25;0
1146;52;7;70;0
1147;17;39;16;0,05
1147;31;12,5;6;0,05
1147;55;24;25;0,05
1148;24;4,5;25;0,1
1148;64;33,25;18;0,1
1149;11;21;35;0,15
1149;18;62,5;18;0,15
1149;76;18;10;0
1150;31;12,5;60;0,2
1150;51;53;3;0
1150;59;55;40;0,2
1151;10;31;5;0
1152;31;12,5;35;0,2
1152;76;18;30;0
1153;11;21;15;0,05
1153;56;38;60;0,05
1154;14;23,25;11;0,15
1154;42;14;28;0,15
1155;16;17,45;12;0,1
1155;32;32;10;0,1
1155;40;18,4;50;0
1155;75;7,75;15;0,1
1156;17;39;18;0
1156;34;14;40;0
1156;53;32,8;25;0
1157;33;2,5;14;0
1157;40;18,4;2;0
1157;62;49,3;10;0
1157;64;33,25;6;0
1158;59;55;12;0
1158;63;43,9;6;0
1158;72;34,8;30;0
1158;76;18;10;0
1159;1;18;10;0
1159;31;12,5;20;0
1159;44;19,45;21;0
1160;39;18;10;0
1160;75;7,75;20;0
1160;77;13;18;0
1161;35;18;20;0
1161;57;19,5;6;0
1162;15;15,5;10;0
1162;75;7,75;21;0
1163;14;23,25;15;0,05
1163;41;9,65;9;0,05
1163;65;21,05;30;0,05
1164;75;7,75;50;0,2
1165;57;19,5;4;0
1165;76;18;14;0
1166;29;123,79;10;0
1166;60;34;24;0,15
1166;69;36;10;0,15
1167;31;12,5;50;0,05
1168;47;9,5;15;0
1169;52;7;4;0,15
1170;26;31,23;6;0
1170;35;18;20;0
1170;77;13;20;0
1171;18;62,5;40;0,2
1171;42;14;100;0,2
1172;35;18;4;0
1173;1;18;20;0
1173;77;13;60;0,05
1174;3;10;14;0
1174;7;30;10;0
1174;54;7,45;50;0
1175;15;15,5;25;0,05
1175;26;31,23;5;0,05
1176;20;81;21;0,2
1176;69;36;20;0,2
1176;76;18;4;0,2
1177;52;7;24;0
1177;58;13,25;30;0
1178;35;18;30;0,25
1178;61;28,5;120;0,25
1178;69;36;65;0,25
1179;56;38;5;0,2
1179;63;43,9;24;0,2
1179;75;7,75;30;0,2
1180;24;4,5;35;0,2
1180;57;19,5;20;0
1180;65;21,05;12;0,2
1181;27;43,9;50;0
1181;71;21,5;9;0
1182;62;49,3;10;0
1183;54;7,45;4;0
1183;73;15;30;0
1184;13;6;60;0
1184;59;55;35;0
1185;77;13;5;0,25
1186;22;21;48;0
1186;49;20;25;0,05
1187;48;12,75;6;0,1
1187;76;18;10;0,1
1188;16;17,45;30;0,05
1188;59;55;20;0,05
1188;60;34;70;0,05
1188;71;21,5;15;0,05
1189;4;22;20;0,2
1189;55;24;20;0,2
1189;62;49,3;10;0,2
1190;7;30;45;0
1190;17;39;100;0
1190;33;2,5;14;0
1190;40;18,4;42;0
1190;72;34,8;12;0
1191;56;38;28;0
1192;1;18;3;0
1192;10;31;10;0
1192;21;10;6;0
1193;36;19;21;0,25
1194;1;18;6;0
1194;2;19;10;0
1194;60;34;15;0
1195;10;31;70;0
1195;36;19;55;0
1195;49;20;18;0
1195;60;34;40;0
1195;76;18;80;0
1196;13;6;8;0,1
1196;75;7,75;40;0
1197;11;21;14;0
1197;21;10;8;0
1197;39;18;5;0
1198;55;24;5;0
1199;38;263,5;15;0,05
1199;56;38;14;0
1199;70;15;15;0,05
1199;71;21,5;15;0,05
1200;59;55;30;0,15
1201;6;25;70;0
1201;56;38;20;0
1201;68;12,5;15;0
1202;21;10;42;0
1202;22;21;40;0
1203;24;4,5;5;0
1203;52;7;5;0
1204;19;9,2;5;0
1204;23;9;10;0
1204;70;15;20;0
1204;71;21,5;15;0
1205;2;19;20;0
1205;68;12,5;18;0,2
1206;14;23,25;21;0
1206;19;9,2;15;0,1
1206;21;10;25;0,1
1206;24;4,5;3;0
1206;35;18;30;0,1
1207;28;45,6;10;0
1207;29;123,79;6;0
1207;44;19,45;10;0
1208;14;23,25;3;0
1208;42;14;5;0
1208;60;34;10;0
1209;53;32,8;12;0
1209;60;34;20;0
1209;71;21,5;20;0
1210;62;49,3;15;0
1210;73;15;35;0,15
1211;1;18;25;0
1212;29;123,79;20;0
1212;64;33,25;9;0
1213;55;24;12;0,05
1213;76;18;35;0
1214;75;7,75;8;0,1
1215;2;19;30;0,05
1215;33;2,5;20;0,05
1216;12;38;36;0,15
1216;13;6;13;0,15
1216;26;31,23;35;0,15
1216;62;49,3;80;0,15
1217;7;30;35;0
1217;18;62,5;50;0
1217;51;53;15;0
1217;75;7,75;2;0
1218;4;22;10;0,1
1218;5;21,35;15;0,1
1218;22;21;40;0
1219;4;22;25;0
1219;58;13,25;6;0
1220;11;21;10;0
1220;50;16,25;25;0,05
1220;56;38;60;0,05
1221;45;9,5;20;0
1221;65;21,05;21;0
1221;72;34,8;60;0
1222;18;62,5;8;0
1223;69;36;20;0,25
1223;70;15;15;0,25
1224;2;19;50;0
1224;40;18,4;60;0
1225;21;10;30;0,2
1225;61;28,5;20;0,2
1226;28;45,6;15;0,25
1226;39;18;21;0,25
1226;46;12;2;0,25
1227;18;62,5;4;0,1
1227;43;46;20;0
1227;46;12;21;0,1
1228;18;62,5;20;0
1228;36;19;15;0
1229;1;18;15;0,25
1229;10;31;18;0,25
1229;71;21,5;30;0,25
1229;77;13;35;0,25
1230;19;9,2;30;0
1230;39;18;20;0
1231;22;21;15;0
1231;24;4,5;15;0,15
1232;28;45,6;20;0
1232;72;34,8;15;0
1233;30;25,89;30;0
1233;53;32,8;25;0,05
1233;54;7,45;30;0
1234;19;9,2;12;0,25
1234;22;21;20;0,25
1235;30;25,89;2;0,25
1235;42;14;20;0
1236;16;17,45;30;0,1
1236;60;34;20;0,1
1237;4;22;12;0,1
1237;39;18;20;0,1
1237;54;7,45;6;0,1
1238;41;9,65;20;0,2
1239;14;23,25;3;0,1
1239;44;19,45;28;0,1
1239;47;9,5;6;0,1
1240;15;15,5;50;0
1240;41;9,65;24;0
1240;46;12;45;0
1240;47;9,5;10;0
1240;56;38;45;0
1240;60;34;30;0
1241;21;10;60;0
1241;40;18,4;70;0,05
1241;60;34;55;0,05
1241;77;13;70;0,05
1242;31;12,5;20;0,05
1242;40;18,4;24;0,05
1242;70;15;40;0,05
1243;20;81;21;0
1244;39;18;3;0,2
1244;58;13,25;49;0,2
1245;68;12,5;10;0
1246;40;18,4;30;0,05
1246;42;14;30;0,05
1246;51;53;20;0,05
1247;10;31;24;0,15
1247;56;38;12;0,15
1247;65;21,05;15;0,15
1248;51;53;20;0
1248;59;55;1;0
1248;76;18;10;0
1249;29;123,79;36;0
1249;65;21,05;10;0
1250;69;36;45;0,2
1250;71;21,5;14;0,2
1251;31;12,5;8;0,1
1251;55;24;4;0,1
1251;64;33,25;15;0,1
1252;36;19;30;0
1253;23;9;32;0
1253;46;12;60;0
1253;67;14;25;0
1253;73;15;50;0
1253;75;7,75;25;0
1254;16;17,45;10;0
1254;62;49,3;10;0
1254;65;21,05;12;0
1255;38;263,5;15;0,1
1255;71;21,5;12;0
1256;16;17,45;3;0
1256;42;14;6;0
1256;43;46;6;0
1257;23;9;5;0
1258;14;23,25;30;0
1258;53;32,8;10;0
1258;58;13,25;30;0
1259;10;31;2;0
1259;19;9,2;7;0
1259;44;19,45;21;0
1260;26;31,23;30;0,15
1260;33;2,5;8;0,15
1261;12;38;100;0
1261;33;2,5;30;0
1261;41;9,65;120;0
1261;54;7,45;30;0
1262;59;55;12;0
1263;16;17,45;50;0,25
1263;31;12,5;20;0,25
1263;42;14;40;0,25
1264;19;9,2;30;0,1
1264;21;10;12;0,1
1264;64;33,25;28;0
1265;33;2,5;30;0
1265;66;17;4;0
1265;75;7,75;30;0
1266;52;7;9;0
1267;40;18,4;20;0
1267;47;9,5;40;0
1267;60;34;30;0
1268;10;31;20;0
1268;41;9,65;4;0
1268;47;9,5;15;0
1269;17;39;30;0,2
1269;26;31,23;15;0
1270;9;97;50;0,25
1270;29;123,79;10;0
1270;36;19;6;0,25
1271;10;31;18;0,1
1271;28;45,6;60;0,1
1271;34;14;14;0
1272;1;18;35;0,25
1273;56;38;20;0,25
1273;77;13;30;0,25
1274;1;18;30;0
1274;29;123,79;40;0
1274;43;46;40;0
1274;44;19,45;24;0
1274;62;49,3;48;0
1275;63;43,9;20;0
1276;9;97;6;0
1276;54;7,45;60;0,15
1276;69;36;30;0,15
1276;73;15;15;0,15
1277;7;30;90;0
1277;59;55;25;0
1277;70;15;50;0
1278;8;40;10;0
1278;12;38;4;0
1278;24;4,5;20;0
1279;17;39;20;0
1279;46;12;18;0
1280;19;9,2;7;0,25
1280;35;18;9;0,25
1280;58;13,25;30;0,25
1280;70;15;30;0,25
1281;11;21;15;0
1281;17;39;8;0,05
1281;29;123,79;12;0,05
1281;65;21,05;65;0,05
1281;70;15;8;0,05
1282;47;9,5;12;0
1283;1;18;5;0,2
1283;34;14;12;0,2
1283;68;12,5;40;0,2
1283;71;21,5;60;0,2
1284;59;55;42;0,15
1284;71;21,5;20;0,15
1284;76;18;35;0,15
1285;3;10;6;0
1285;76;18;15;0
1286;2;19;5;0
1286;59;55;35;0
1286;73;15;35;0
1287;4;22;6;0
1287;24;4,5;35;0
1287;48;12,75;24;0
1288;31;12,5;20;0
1288;32;32;4;0
1289;16;17,45;20;0
1289;43;46;24;0
1289;59;55;8;0
1290;55;24;21;0
1290;57;19,5;40;0
1290;70;15;28;0,15
1291;5;21,35;4;0
1291;36;19;5;0
1292;8;40;40;0
1292;51;53;28;0
1292;60;34;10;0
1293;19;9,2;5;0
1293;47;9,5;5;0
1294;19;9,2;12;0
1294;41;9,65;42;0
1294;53;32,8;120;0
1295;53;32,8;3;0,05
1295;56;38;30;0
1296;10;31;18;0
1296;26;31,23;30;0
1296;45;9,5;110;0
1296;46;12;24;0
1297;2;19;30;0,25
1297;17;39;27;0,25
1297;47;9,5;50;0,25
1297;56;38;18;0,25
1297;58;13,25;12;0,25
1298;10;31;21;0
1298;71;21,5;30;0
1299;21;10;5;0
1299;51;53;7;0
1299;61;28,5;10;0
1300;21;10;32;0,05
1300;54;7,45;15;0
1300;69;36;25;0,05
1301;12;38;36;0
1301;16;17,45;20;0
1301;36;19;40;0
1301;62;49,3;20;0
1302;18;62,5;12;0,25
1302;30;25,89;3;0,25
1302;54;7,45;40;0,25
1303;35;18;21;0
1303;71;21,5;8;0
1304;44;19,45;50;0,05
1305;2;19;3;0
1305;31;12,5;50;0
1305;68;12,5;45;0
1305;75;7,75;42;0
1306;26;31,23;15;0
1307;10;31;16;0
1307;61;28,5;5;0
1308;41;9,65;12;0
1308;52;7;4;0
1308;55;24;6;0
1309;4;22;25;0
1309;11;21;5;0
1310;17;39;20;0,05
1310;56;38;10;0,05
1310;59;55;10;0,05
1311;30;25,89;15;0
1311;40;18,4;6;0
1311;55;24;12;0
1311;60;34;15;0
1312;1;18;50;0
1312;21;10;30;0
1312;50;16,25;40;0
1313;16;17,45;15;0,05
1313;31;12,5;3;0,05
1313;65;21,05;10;0,05
1314;21;10;40;0,05
1314;51;53;30;0,05
1315;76;18;20;0
1316;14;23,25;16;0
1316;28;45,6;20;0
1316;52;7;25;0
1317;6;25;30;0
1317;30;25,89;15;0
1317;76;18;20;0
1318;61;28,5;20;0,1
1318;77;13;2;0,1
1319;65;21,05;40;0
1319;75;7,75;20;0
1320;13;6;4;0
1320;41;9,65;12;0
1321;16;17,45;3;0
1322;36;19;6;0
1322;52;7;18;0
1323;28;45,6;5;0,2
1323;35;18;35;0,2
1323;45;9,5;40;0,2
1323;56;38;14;0,2
1324;2;19;15;0,2
1325;3;10;20;0
1325;60;34;50;0
1325;72;34,8;35;0
1326;46;12;28;0,05
1327;40;18,4;50;0,2
1328;18;62,5;24;0
1328;44;19,45;16;0
1328;59;55;45;0
1328;72;34,8;7;0
1329;13;6;6;0
1329;42;14;28;0
1329;62;49,3;9;0
1329;69;36;40;0
1330;31;12,5;8;0
1330;41;9,65;35;0
1330;63;43,9;9;0
1330;69;36;30;0
1331;23;9;44;0
1331;40;18,4;40;0
1331;56;38;28;0
1332;56;38;15;0
1332;59;55;6;0
1332;76;18;10;0
1333;14;23,25;5;0,15
1333;45;9,5;40;0,15
1333;59;55;25;0,15
1334;26;31,23;12;0,1
1334;30;25,89;30;0
1334;50;16,25;20;0,1
1334;73;15;15;0
1335;1;18;8;0
1335;69;36;3;0
1336;45;9,5;4;0
1336;74;10;5;0
1337;40;18,4;3;0
1338;47;9,5;30;0,25
1338;56;38;30;0,25
1338;57;19,5;14;0,25
1338;69;36;25;0,25
1339;18;62,5;21;0,2
1339;36;19;20;0,2
1339;68;12,5;6;0,2
1339;69;36;20;0,2
1340;34;14;30;0
1340;59;55;7;0
1340;62;49,3;30;0
1340;64;33,25;24;0
1341;26;31,23;20;0
1341;52;7;60;0
1341;70;15;40;0
1342;32;32;10;0
1343;25;14;12;0,25
1343;27;43,9;40;0
1343;43;46;30;0,25
1344;25;14;35;0,25
1344;75;7,75;18;0
1345;39;18;16;0
1345;47;9,5;30;0
1345;51;53;28;0
1345;56;38;60;0
1346;21;10;40;0
1346;22;21;6;0
1346;24;4,5;20;0
1347;3;10;20;0,1
1347;39;18;130;0,1
1348;65;21,05;80;0,1
1349;2;19;40;0
1349;7;30;35;0
1349;68;12,5;40;0
1350;42;14;2;0
1351;22;21;4;0
1351;31;12,5;50;0
1351;60;34;15;0
1351;71;21,5;12;0
1352;41;9,65;30;0,05
1352;52;7;15;0,05
1352;61;28,5;20;0
1352;62;49,3;15;0
1353;11;21;15;0,25
1354;71;21,5;16;0
1355;29;123,79;18;0
1355;59;55;25;0
1356;17;39;33;0
1356;31;12,5;70;0,2
1356;75;7,75;7;0,2
1357;31;12,5;2;0,25
1357;66;17;50;0
1358;10;31;6;0
1358;67;14;3;0
1359;31;12,5;16;0,05
1359;42;14;12;0,05
1359;45;9,5;27;0,05
1359;51;53;120;0,05
1360;42;14;20;0,2
1361;41;9,65;10;0
1362;16;17,45;20;0
1362;62;49,3;20;0
1363;70;15;35;0
1363;77;13;15;0
1364;54;7,45;3;0,2
1364;56;38;20;0,2
1364;74;10;35;0
1365;31;12,5;1;0
1366;31;12,5;10;0
1366;38;263,5;5;0
1367;36;19;30;0
1367;39;18;2;0,15
1367;72;34,8;30;0,15
1368;10;31;10;0
1368;75;7,75;10;0
1369;8;40;30;0,2
1369;30;25,89;15;0,2
1369;75;7,75;42;0,2
1370;2;19;15;0,05
1370;29;123,79;20;0,05
1371;19;9,2;50;0,05
1371;75;7,75;40;0,05
1372;18;62,5;30;0
1372;35;18;15;0
1372;63;43,9;30;0
1372;68;12,5;18;0
1373;7;30;3;0,15
1373;56;38;20;0,15
1374;29;123,79;14;0,05
1374;41;9,65;20;0,05
1375;2;19;10;0
1375;54;7,45;3;0
1375;68;12,5;15;0
1376;41;9,65;14;0
1376;52;7;8;0
1377;14;23,25;15;0,2
1377;54;7,45;6;0,2
1378;16;17,45;65;0
1378;17;39;35;0,25
1379;26;31,23;21;0,2
1379;44;19,45;10;0
1379;64;33,25;35;0,2
1379;69;36;24;0,2
1380;11;21;20;0
1381;62;49,3;2;0
1381;72;34,8;10;0
1382;13;6;20;0,15
1382;24;4,5;20;0,15
1382;59;55;25;0
1383;11;21;50;0,1
1383;51;53;10;0,1
1383;54;7,45;7;0,1
1384;17;39;40;0,25
1384;29;123,79;20;0,25
1385;30;25,89;25;0,25
1385;51;53;30;0,25
1385;55;24;60;0,25
1385;62;49,3;5;0,25
1386;19;9,2;24;0,05
1386;25;14;15;0,05
1386;59;55;15;0,05
1387;10;31;36;0
1387;28;45,6;24;0
1387;49;20;4;0,15
1388;34;14;10;0
1388;38;263,5;10;0
1389;2;19;20;0,25
1389;65;21,05;2;0
1389;74;10;15;0,25
1390;40;18,4;1;0
1391;56;38;20;0,15
1391;76;18;50;0,15
1392;52;7;20;0
1393;13;6;7;0
1393;25;14;5;0
1393;70;15;5;0
1394;19;9,2;15;0
1394;23;9;18;0
1394;40;18,4;30;0
1395;31;12,5;16;0,1
1395;72;34,8;40;0,1
1395;77;13;20;0
1396;2;19;12;0,2
1396;46;12;35;0
1397;41;9,65;20;0
1397;43;46;20;0,15
1397;48;12,75;8;0,15
1397;61;28,5;30;0,15
1398;33;2,5;16;0
1399;38;263,5;30;0,05
1399;62;49,3;20;0,05
1400;26;31,23;40;0,15
1400;38;263,5;30;0
1400;40;18,4;60;0,15
1400;62;49,3;25;0,15
1401;32;32;20;0
1401;41;9,65;20;0
1402;43;46;7;0
1402;75;7,75;20;0
1403;56;38;30;0
1404;35;18;20;0
1404;51;53;6;0
1405;62;49,3;3;0
1405;70;15;6;0
1406;11;21;20;0,1
1406;57;19,5;15;0
1406;59;55;40;0,1
1406;77;13;15;0,1
1407;41;9,65;12;0
1407;70;15;9;0
1408;26;31,23;12;0
1408;53;32,8;20;0
1409;31;12,5;35;0
1409;57;19,5;15;0
1410;10;31;15;0
1410;39;18;21;0
1411;20;81;5;0
1411;38;263,5;2;0
1412;2;19;10;0
1412;8;40;20;0
1412;13;6;10;0
1412;60;34;21;0
1413;6;25;6;0
1413;39;18;28;0
1413;60;34;30;0
1413;68;12,5;24;0
1414;19;9,2;2;0
1414;35;18;8;0
1414;38;263,5;8;0
1414;43;46;9;0
1415;13;6;3;0,2
1415;25;14;10;0,2
1415;44;19,45;16;0,2
1415;64;33,25;3;0
1416;7;30;20;0,1
1416;31;12,5;9;0,1
1416;53;32,8;9;0,1
1417;29;123,79;8;0,05
1417;30;25,89;20;0,05
1418;59;55;15;0
1418;77;13;2;0,2
1419;22;21;52;0
1419;35;18;6;0
1419;57;19,5;24;0
1419;60;34;60;0
1419;64;33,25;30;0
1420;13;6;6;0
1420;40;18,4;25;0
1420;47;9,5;40;0,25
1420;76;18;21;0,25
1421;1;18;4;0,25
1421;18;62,5;25;0,25
1421;36;19;50;0,25
1422;58;13,25;30;0,1
1422;72;34,8;15;0,1
1423;25;14;6;0,2
1423;39;18;10;0,2
1424;10;31;16;0
1424;56;38;30;0
1424;59;55;50;0
1424;77;13;15;0
1425;11;21;15;0
1425;43;46;5;0
1425;68;12,5;20;0
1425;70;15;12;0
1426;51;53;4;0,25
1427;22;21;35;0
1428;23;9;70;0,1
1428;35;18;25;0,1
1428;42;14;42;0,1
1428;58;13,25;60;0,1
1428;64;33,25;48;0
1429;4;22;21;0
1429;70;15;30;0
1429;74;10;20;0
1430;1;18;80;0,2
1430;19;9,2;12;0,2
1430;37;26;60;0,2
1430;45;9,5;36;0,2
1430;60;34;45;0,2
1430;71;21,5;55;0,2
1431;5;21,35;30;0
1431;9;97;3;0
1432;3;10;49;0
1432;26;31,23;18;0,15
1433;25;14;20;0,15
1433;33;2,5;4;0,15
1433;70;15;30;0,15
1434;2;19;5;0,05
1434;25;14;10;0,05
1434;57;19,5;10;0,05
1434;59;55;42;0,05
1435;2;19;15;0
1435;17;39;6;0
1435;62;49,3;50;0
1436;18;62,5;10;0
1437;10;31;100;0,15
1437;13;6;65;0,15
1438;16;17,45;50;0
1438;31;12,5;14;0
1438;56;38;24;0
1438;65;21,05;15;0,15
1439;2;19;20;0
1439;42;14;20;0
1440;3;10;30;0
1440;26;31,23;35;0,25
1440;29;123,79;10;0,25
1441;7;30;5;0
1441;27;43,9;10;0
1441;70;15;4;0
1442;24;4,5;40;0,25
1442;54;7,45;35;0,25
1442;64;33,25;30;0,25
1443;51;53;3;0
1443;76;18;20;0
1444;17;39;42;0
1444;18;62,5;20;0
1444;21;10;40;0
1444;33;2,5;35;0
1444;62;49,3;3;0
1445;11;21;25;0
1445;52;7;8;0
1446;1;18;20;0,15
1446;58;13,25;12;0,15
1447;35;18;4;0
1447;67;14;15;0
1448;38;263,5;60;0,05
1448;39;18;80;0,05
1449;2;19;21;0,25
1449;24;4,5;6;0,25
1449;30;25,89;40;0,25
1450;53;32,8;3;0
1451;26;31,23;20;0
1451;35;18;30;0
1451;49;20;42;0,1
1452;1;18;40;0
1452;11;21;10;0
1452;23;9;50;0
1452;68;12,5;20;0
1453;35;18;3;0
1453;51;53;2;0
1454;6;25;50;0,05
1454;16;17,45;12;0,05
1454;17;39;16;0,05
1455;55;24;10;0,05
1455;62;49,3;20;0,05
1455;64;33,25;15;0,05
1455;65;21,05;21;0,05
1456;21;10;20;0
1456;28;45,6;3;0
1457;10;31;10;0
1458;19;9,2;25;0
1458;47;9,5;21;0,1
1458;49;20;15;0
1459;46;12;21;0
1459;64;33,25;20;0
1460;16;17,45;30;0,25
1460;18;62,5;25;0
1461;20;81;20;0,05
1462;40;18,4;12;0
1462;65;21,05;10;0
1462;76;18;10;0
1463;23;9;30;0,2
1463;61;28,5;30;0,2
1463;70;15;50;0,2
1464;73;15;10;0
1465;42;14;25;0
1465;49;20;20;0,15
1465;54;7,45;32;0,15
1466;24;4,5;8;0
1467;21;10;40;0,05
1467;56;38;21;0,05
1467;65;21,05;12;0,05
1468;2;19;20;0
1468;24;4,5;12;0
1468;70;15;30;0
1468;77;13;25;0
1469;10;31;70;0
1469;31;12,5;35;0
1469;77;13;40;0
1470;25;14;5;0
1471;2;19;20;0
1471;68;12,5;18;0
1472;11;21;40;0
1472;38;263,5;40;0
1473;17;39;15;0
1473;34;14;10;0
1473;41;9,65;14;0
1474;30;25,89;15;0,05
1475;59;55;40;0,05
1476;8;40;30;0
1476;24;4,5;10;0
1476;29;123,79;24;0
1476;30;25,89;35;0
1476;36;19;20;0
1477;13;6;28;0,05
1477;69;36;50;0,05
1477;75;7,75;120;0,05
1478;24;4,5;110;0
1478;39;18;45;0
1478;40;18,4;91;0
1478;60;34;100;0
1479;45;9,5;15;0
1479;56;38;16;0
1480;29;123,79;80;0
1480;30;25,89;36;0
1481;13;6;5;0
1482;39;18;8;0,15
1483;70;15;3;0,25
1484;41;9,65;30;0
1484;71;21,5;30;0
1485;55;24;30;0,15
1485;62;49,3;6;0,15
1486;13;6;40;0
1486;65;21,05;21;0
1486;68;12,5;20;0
1487;58;13,25;15;0
1487;62;49,3;35;0
1488;1;18;20;0,05
1489;61;28,5;15;0
1490;75;7,75;14;0
1491;7;30;20;0,05
1491;52;7;14;0,05
1492;7;30;12;0
1492;16;17,45;15;0
1492;41;9,65;5;0
1493;19;9,2;12;0
1493;49;20;10;0
1493;61;28,5;5;0
1494;1;18;10;0
1494;17;39;12;0
1494;67;14;15;0
1495;11;21;40;0,25
1495;29;123,79;60;0,25
1496;4;22;30;0,25
1496;33;2,5;40;0,25
1496;58;13,25;15;0
1497;71;21,5;25;0
1498;17;39;10;0
1498;33;2,5;30;0
1498;54;7,45;10;0
1499;16;17,45;6;0
1499;32;32;6;0
1499;57;19,5;20;0
1500;30;25,89;1;0
1500;60;34;10;0
1501;1;18;60;0,25
1501;60;34;25;0,25
1502;16;17,45;24;0
1502;25;14;24;0
1502;40;18,4;20;0
1503;50;16,25;24;0
1504;35;18;10;0
1504;63;43,9;40;0
1505;17;39;15;0
1505;24;4,5;35;0
1506;42;14;10;0,2
1506;43;46;10;0,2
1506;67;14;24;0,2
1507;10;31;20;0,1
1507;28;45,6;30;0,1
1507;75;7,75;6;0
1508;36;19;25;0,15
1508;52;7;12;0,15
1509;11;21;2;0
1509;13;6;10;0
1509;19;9,2;7;0
1509;72;34,8;10;0
1510;20;81;5;0
1510;52;7;5;0
1510;76;18;20;0
1511;47;9,5;5;0
1511;76;18;5;0
1512;21;10;60;0
1512;75;7,75;49;0
1512;77;13;15;0
1513;21;10;36;0
1513;27;43,9;25;0
1513;55;24;25;0,2
1513;58;13,25;30;0,2
1514;13;6;42;0,15
1514;57;19,5;30;0
1515;16;17,45;30;0,1
1515;62;49,3;14;0,1
1515;72;34,8;16;0
1515;75;7,75;20;0,1
1516;53;32,8;2;0
1516;61;28,5;30;0
1517;6;25;20;0
1518;1;18;21;0
1518;18;62,5;4;0,25
1518;23;9;8;0,25
1519;36;19;30;0,2
1520;28;45,6;8;0
1520;34;14;20;0
1521;13;6;20;0,25
1521;43;46;24;0,25
1521;60;34;49;0,25
1521;71;21,5;35;0,25
1522;2;19;10;0,15
1522;67;14;40;0,15
1523;7;30;8;0
1523;13;6;20;0
1524;31;12,5;44;0,25
1524;62;49,3;30;0,25
1524;68;12,5;80;0,25
1524;72;34,8;50;0
1525;49;20;28;0
1526;13;6;15;0
1526;22;21;21;0
1526;46;12;15;0
1527;11;21;5;0,25
1527;44;19,45;18;0,25
1527;56;38;18;0
1528;13;6;20;0
1528;31;12,5;10;0
1529;10;31;25;0
1529;24;4,5;25;0
1529;77;13;40;0
1530;59;55;4;0
1531;50;16,25;9;0
1531;51;53;40;0
1531;55;24;4;0
1532;6;25;12;0
1532;10;31;30;0
1532;17;39;6;0
1532;62;49,3;60;0
1533;4;22;5;0
1534;33;2,5;15;0,05
1534;41;9,65;6;0,05
1534;75;7,75;50;0,05
1535;6;25;16;0,05
1535;28;45,6;2;0
1536;20;81;50;0,05
1536;31;12,5;50;0,05
1537;16;17,45;28;0,15
1537;31;12,5;25;0,15
1537;45;9,5;30;0
1537;60;34;24;0,15
1538;75;7,75;12;0,2
1539;21;10;12;0
1539;47;9,5;14;0
1539;51;53;8;0
1540;30;25,89;30;0
1540;35;18;40;0
1540;64;33,25;8;0
1541;5;21,35;20;0
1541;7;30;6;0
1541;72;34,8;5;0
1542;75;7,75;20;0,15
1543;24;4,5;10;0,25
1543;41;9,65;24;0
1544;52;7;6;0,05
1544;76;18;60;0
1545;7;30;45;0
1545;13;6;77;0
1545;53;32,8;20;0
1545;69;36;9;0
1545;76;18;44;0
1546;60;34;2;0,15
1547;18;62,5;6;0
1547;38;263,5;5;0
1547;69;36;10;0
1548;51;53;16;0
1549;37;26;8;0
1549;56;38;12;0,15
1549;62;49,3;12;0,15
1550;19;9,2;12;0
1550;49;20;40;0
1551;12;38;30;0
1551;24;4,5;30;0
1551;64;33,25;4;0
1552;46;12;9;0
1553;52;7;40;0,2
1554;29;123,79;14;0
1555;17;39;6;0
1555;33;2,5;7;0
1556;26;31,23;5;0
1556;41;9,65;6;0
1556;75;7,75;10;0
1557;63;43,9;10;0
1558;8;40;16;0
1558;75;7,75;10;0
1559;28;45,6;20;0
1560;39;18;30;0
1560;47;9,5;30;0
1560;51;53;10;0
1560;63;43,9;20;0
1561;8;40;20;0,15
1561;21;10;40;0,15
1561;40;18,4;10;0
1561;44;19,45;6;0,15
1562;7;30;18;0
1562;12;38;20;0
1562;24;4,5;80;0
1562;27;43,9;30;0
1562;31;12,5;24;0
1562;63;43,9;35;0
1563;75;7,75;40;0,2
1564;38;263,5;60;0
1565;7;30;20;0
1565;43;46;9;0
1566;13;6;84;0,15
1566;57;19,5;15;0
1567;16;17,45;55;0
1567;24;4,5;20;0
1567;36;19;40;0
1568;16;17,45;36;0,1
1568;18;62,5;8;0,1
1568;32;32;35;0,1
1569;11;21;30;0
1569;20;81;15;0
1569;76;18;10;0
1569;77;13;15;0
1570;7;30;60;0
1570;43;46;6;0
1570;72;34,8;20;0
1571;7;30;60;0
1571;62;49,3;40;0,1
1572;6;25;40;0
1572;11;21;15;0
1572;41;9,65;4;0
1573;21;10;65;0
1573;34;14;60;0,15
1573;55;24;65;0,15
1573;61;28,5;66;0,15
1574;2;19;50;0,2
1574;70;15;20;0,2
1574;76;18;90;0,2
1575;72;34,8;2;0
1576;29;123,79;50;0,25
1576;41;9,65;35;0,25
1577;59;55;18;0,05
1578;51;53;20;0
1578;60;34;4;0
1579;42;14;40;0
1580;32;32;50;0
1580;46;12;20;0,25
1580;52;7;20;0,25
1581;24;4,5;12;0
1581;61;28,5;7;0
1581;74;10;20;0
1581;75;7,75;30;0
1582;41;9,65;20;0,05
1582;51;53;15;0,05
1582;77;13;21;0,05
1583;4;22;25;0,25
1583;24;4,5;30;0,25
1583;77;13;30;0
1584;7;30;60;0
1584;22;21;25;0
1584;46;12;25;0
1584;55;24;6;0
1585;13;6;56;0
1585;35;18;15;0,15
1585;42;14;24;0,15
1585;55;24;40;0
1586;1;18;4;0
1586;40;18,4;10;0
1586;52;7;10;0
1587;26;31,23;6;0
1587;76;18;6;0
1588;1;18;2;0
1588;59;55;10;0
1589;1;18;8;0
1589;29;123,79;2;0,25
1590;8;40;30;0
1590;29;123,79;10;0
1590;42;14;14;0
1591;28;45,6;70;0,05
1591;34;14;90;0,05
1591;71;21,5;21;0
1592;24;4,5;12;0
1592;36;19;18;0,25
1592;60;34;9;0
1593;7;30;20;0
1593;24;4,5;10;0
1594;58;13,25;40;0,05
1594;71;21,5;20;0
1595;19;9,2;50;0,05
1595;60;34;36;0,05
1595;71;21,5;60;0,05
1596;23;9;10;0
1596;42;14;4;0
1596;45;9,5;20;0
1596;68;12,5;2;0
1597;41;9,65;28;0,1
1598;30;25,89;15;0
1598;77;13;18;0
1599;31;12,5;15;0
1599;36;19;16;0
1600;3;10;25;0
1600;59;55;110;0
1600;70;15;30;0
1601;12;38;20;0
1601;18;62,5;10;0
1601;56;38;5;0
1602;46;12;3;0
1602;49;20;2;0
1603;10;31;24;0,15
1604;2;19;11;0,25
1604;20;81;15;0
1604;26;31,23;63;0
1604;51;53;44;0,25
1604;72;34,8;35;0
1605;19;9,2;35;0
1605;69;36;30;0
1606;7;30;4;0
1606;43;46;30;0
1607;26;31,23;12;0
1607;33;2,5;30;0
1607;65;21,05;21;0
1607;71;21,5;50;0
1608;1;18;10;0,1
1608;13;6;20;0,1
1609;18;62,5;8;0
1609;51;53;10;0
1610;24;4,5;30;0,25
1610;62;49,3;21;0,25
1611;55;24;35;0
1611;59;55;24;0
1612;56;38;20;0
1612;63;43,9;12;0
1613;2;19;100;0,25
1613;5;21,35;70;0
1613;29;123,79;60;0,25
1613;59;55;100;0,25
1614;1;18;45;0
1614;13;6;80;0
1614;24;4,5;21;0
1614;64;33,25;20;0
1614;71;21,5;16;0
1615;36;19;35;0
1615;38;263,5;25;0
1615;59;55;30;0
1616;53;32,8;70;0,1
1616;69;36;36;0,1
1617;21;10;15;0,1
1617;44;19,45;12;0
1617;61;28,5;6;0
1618;1;18;10;0
1618;35;18;60;0
1618;42;14;30;0
1618;54;7,45;10;0
1619;13;6;7;0
1619;59;55;30;0
1620;70;15;4;0
1621;40;18,4;5;0,2
1621;52;7;2;0
1621;71;21,5;30;0
1622;28;45,6;20;0
1622;35;18;24;0
1622;49;20;60;0
1622;57;19,5;28;0
1623;21;10;20;0
1624;2;19;30;0,2
1624;63;43,9;30;0
1625;44;19,45;15;0
1625;61;28,5;4;0
1626;11;21;10;0
1627;62;49,3;12;0
1628;33;2,5;15;0
1628;51;53;24;0
1629;12;38;20;0,05
1629;32;32;15;0,05
1629;35;18;18;0,05
1630;1;18;25;0,25
1630;5;21,35;30;0,25
1631;68;12,5;42;0
1632;2;19;10;0,2
1632;12;38;4;0,2
1633;76;18;50;0,1
1634;24;4,5;10;0,2
1635;43;46;30;0,2
1635;61;28,5;10;0,2
1636;18;62,5;35;0,2
1636;32;32;20;0
1636;64;33,25;25;0,2
1637;33;2,5;10;0
1637;67;14;20;0
1638;24;4,5;15;0
1638;25;14;15;0
1638;51;53;20;0
1638;57;19,5;20;0
1639;7;30;40;0
1639;55;24;35;0
1639;60;34;50;0
1640;70;15;3;0
1641;21;10;3;0
1641;60;34;21;0
1641;61;28,5;4;0
1642;13;6;30;0
1642;17;39;12;0
1642;60;34;35;0
1643;60;34;4;0
1643;77;13;10;0
1644;60;34;15;0
1645;53;32,8;10;0,2
1645;70;15;12;0,2
1646;34;14;30;0
1646;40;18,4;40;0,1
1646;41;9,65;30;0,1
1647;17;39;77;0,1
1647;41;9,65;12;0
1647;53;32,8;25;0,1
1647;55;24;4;0,1
1647;68;12,5;55;0
1648;30;25,89;4;0,25
1648;54;7,45;20;0,25
1649;16;17,45;3;0
1649;19;9,2;42;0
1649;34;14;35;0
1650;41;9,65;9;0
1651;28;45,6;8;0,15
1651;43;46;36;0,15
1651;77;13;28;0,15
1652;39;18;20;0
1653;1;18;40;0,15
1653;2;19;20;0,15
1653;16;17,45;30;0,15
1653;31;12,5;20;0
1654;7;30;15;0,05
1654;13;6;10;0,05
1655;2;19;8;0
1655;41;9,65;40;0
1655;50;16,25;22;0
1655;64;33,25;130;0
1656;11;21;10;0
1656;24;4,5;20;0
1657;16;17,45;14;0,05
1658;2;19;10;0,15
1658;46;12;30;0,15
1658;76;18;2;0,15
1659;6;25;20;0,25
1659;14;23,25;20;0,25
1659;19;9,2;10;0,25
1660;2;19;24;0,2
1660;3;10;4;0
1660;4;22;1;0
1660;6;25;1;0,02
1660;7;30;1;0,05
1660;8;40;2;0,1
1660;10;31;1;0
1660;12;38;2;0,05
1660;13;6;4;0
1660;14;23,25;1;0,03
1660;16;17,45;2;0,03
1660;20;81;1;0,04
1660;23;9;2;0
1660;32;32;1;0
1660;39;18;2;0,05
1660;41;9,65;3;0
1660;46;12;3;0,02
1660;52;7;2;0
1660;55;24;2;0
1660;60;34;2;0,06
1660;64;33,25;2;0,03
1660;66;17;1;0
1660;73;15;2;0,01
1660;75;7,75;4;0
1660;77;13;2;0
