id_event,created_at,deadline,completed_at,closed_at
1,2024-10-24 13:39:13,2024-10-27 13:39:13,2024-10-26 17:39:13,2024-10-28 04:39:13
2,2025-07-11 13:23:17,2025-07-24 13:23:17,2025-07-23 22:23:17,2025-07-24 02:23:17
3,2024-12-27 04:45:28,2025-01-05 04:45:28,2024-12-29 20:45:28,2024-12-29 22:45:28
4,2025-04-11 07:16:11,2025-04-23 07:16:11,2025-04-18 15:16:11,2025-04-19 09:16:11
5,2025-04-23 15:54:08,2025-04-29 15:54:08,,
6,2024-10-10 19:48:46,2024-10-16 19:48:46,2024-10-11 22:48:46,2024-10-14 18:48:46
7,2025-03-20 00:21:04,2025-03-25 00:21:04,2025-03-30 13:21:04,2025-03-31 22:21:04
8,2025-08-19 00:17:34,2025-08-26 00:17:34,2025-08-27 23:17:34,2025-08-28 10:17:34
9,2025-07-10 13:46:08,2025-07-17 13:46:08,2025-07-12 21:46:08,2025-07-13 04:46:08
10,2024-12-13 18:15:05,2024-12-25 18:15:05,2024-12-24 22:15:05,2024-12-26 02:15:05
11,2025-01-08 13:41:55,2025-01-13 13:41:55,2025-01-09 13:41:55,2025-01-12 09:41:55
12,2025-04-14 11:11:01,2025-04-17 11:11:01,2025-04-22 07:11:01,2025-04-25 04:11:01
13,2025-01-07 12:18:18,2025-01-20 12:18:18,2025-01-15 10:18:18,2025-01-18 05:18:18
14,2025-02-15 01:13:10,2025-02-22 01:13:10,2025-02-28 20:13:10,2025-03-01 16:13:10
15,2025-02-25 11:33:45,2025-03-01 11:33:45,2025-03-06 20:33:45,2025-03-08 06:33:45
16,2024-11-28 06:07:30,2024-12-06 06:07:30,2024-12-04 04:07:30,2024-12-06 13:07:30
17,2025-07-21 14:30:07,2025-07-30 14:30:07,,
18,2024-09-23 20:37:33,2024-09-25 20:37:33,2024-10-07 19:37:33,2024-10-08 23:37:33
19,2024-12-20 20:23:53,2024-12-23 20:23:53,2025-01-02 18:23:53,2025-01-04 02:23:53
20,2025-04-07 15:44:37,2025-04-10 15:44:37,2025-04-14 21:44:37,2025-04-16 14:44:37
21,2025-06-28 17:56:17,2025-07-07 17:56:17,2025-06-29 08:56:17,2025-07-02 08:56:17
22,2024-10-07 05:09:35,2024-10-20 05:09:35,2024-10-17 00:09:35,2024-10-17 09:09:35
23,2025-04-03 21:05:08,2025-04-07 21:05:08,2025-04-06 02:05:08,2025-04-08 17:05:08
24,2024-10-31 04:37:23,2024-11-04 04:37:23,2024-11-10 23:37:23,2024-11-12 13:37:23
25,2025-02-20 17:44:47,2025-02-22 17:44:47,2025-02-26 12:44:47,2025-03-01 09:44:47
26,2025-02-25 07:43:17,2025-03-03 07:43:17,,
27,2025-01-29 18:35:20,2025-02-11 18:35:20,2025-02-05 18:35:20,2025-02-06 21:35:20
28,2025-01-16 05:36:33,2025-01-27 05:36:33,2025-01-16 22:36:33,2025-01-19 21:36:33
29,2024-10-25 02:35:36,2024-10-30 02:35:36,2024-11-05 03:35:36,2024-11-07 23:35:36
30,2025-01-30 14:24:12,2025-02-06 14:24:12,2025-02-02 03:24:12,2025-02-04 15:24:12
31,2025-05-05 07:12:36,2025-05-14 07:12:36,2025-05-11 14:12:36,2025-05-13 19:12:36
32,2025-05-16 05:40:47,2025-05-29 05:40:47,2025-05-23 04:40:47,2025-05-25 19:40:47
33,2025-05-10 18:13:34,2025-05-15 18:13:34,2025-05-21 10:13:34,2025-05-23 15:13:34
34,2025-05-31 16:43:55,2025-06-12 16:43:55,2025-06-09 05:43:55,2025-06-09 09:43:55
35,2025-03-27 03:53:03,2025-03-29 03:53:03,2025-03-31 02:53:03,2025-04-01 03:53:03
36,2024-12-01 15:26:01,2024-12-12 15:26:01,2024-12-05 06:26:01,2024-12-06 01:26:01
37,2024-10-30 05:55:12,2024-11-11 05:55:12,2024-11-03 12:55:12,2024-11-03 19:55:12
38,2024-09-19 22:57:11,2024-09-21 22:57:11,,
39,2024-11-16 09:05:51,2024-11-22 09:05:51,2024-11-17 14:05:51,2024-11-19 05:05:51
40,2024-12-23 18:22:24,2024-12-28 18:22:24,2024-12-24 17:22:24,2024-12-25 15:22:24
41,2025-07-16 08:25:08,2025-07-25 08:25:08,2025-07-27 17:25:08,2025-07-29 21:25:08
42,2025-03-02 21:54:08,2025-03-12 21:54:08,2025-03-08 23:54:08,2025-03-10 13:54:08
43,2025-05-24 16:04:57,2025-05-31 16:04:57,,
44,2025-02-28 13:25:22,2025-03-08 13:25:22,2025-03-02 17:25:22,2025-03-03 21:25:22
45,2024-09-29 04:13:12,2024-09-30 04:13:12,2024-10-10 14:13:12,2024-10-13 04:13:12
46,2025-02-16 07:11:08,2025-02-27 07:11:08,2025-02-21 14:11:08,2025-02-24 11:11:08
47,2025-05-22 04:30:52,2025-05-31 04:30:52,2025-05-29 21:30:52,2025-06-01 04:30:52
48,2025-06-14 07:40:22,2025-06-27 07:40:22,2025-06-28 07:40:22,2025-06-30 19:40:22
49,2025-01-03 08:14:11,2025-01-06 08:14:11,2025-01-12 09:14:11,2025-01-12 22:14:11
50,2025-05-01 19:52:59,2025-05-09 19:52:59,2025-05-04 01:52:59,2025-05-04 18:52:59
51,2025-02-04 08:14:33,2025-02-13 08:14:33,2025-02-12 00:14:33,2025-02-14 08:14:33
52,2024-12-13 20:31:04,2024-12-26 20:31:04,2024-12-14 23:31:04,2024-12-16 13:31:04
53,2025-02-18 04:47:19,2025-02-25 04:47:19,2025-02-19 02:47:19,2025-02-20 18:47:19
54,2025-06-23 00:34:49,2025-07-04 00:34:49,2025-06-30 12:34:49,2025-07-02 04:34:49
55,2025-06-16 07:25:19,2025-06-27 07:25:19,2025-06-19 01:25:19,2025-06-19 13:25:19
56,2025-03-20 09:33:52,2025-03-25 09:33:52,2025-03-21 13:33:52,2025-03-22 12:33:52
57,2025-06-23 21:39:58,2025-06-29 21:39:58,2025-06-26 20:39:58,2025-06-27 17:39:58
58,2025-01-08 06:23:09,2025-01-21 06:23:09,,
59,2024-12-14 18:18:55,2024-12-28 18:18:55,,
60,2025-02-10 01:04:55,2025-02-24 01:04:55,2025-02-22 12:04:55,2025-02-23 03:04:55
61,2025-01-11 16:43:56,2025-01-19 16:43:56,2025-01-25 07:43:56,2025-01-25 21:43:56
62,2025-03-09 19:46:00,2025-03-14 19:46:00,2025-03-16 17:46:00,2025-03-17 11:46:00
63,2025-04-07 15:50:25,2025-04-16 15:50:25,2025-04-13 22:50:25,2025-04-16 14:50:25
64,2025-06-24 20:55:14,2025-07-04 20:55:14,2025-06-26 00:55:14,2025-06-28 21:55:14
65,2024-09-23 21:28:58,2024-10-07 21:28:58,,
66,2025-04-22 17:21:24,2025-04-25 17:21:24,2025-04-23 08:21:24,2025-04-25 08:21:24
67,2025-08-18 04:56:50,2025-08-21 04:56:50,2025-08-20 04:56:50,2025-08-22 03:56:50
68,2025-04-06 11:41:08,2025-04-16 11:41:08,2025-04-19 09:41:08,2025-04-22 03:41:08
69,2025-09-02 06:01:56,2025-09-12 06:01:56,2025-09-14 19:01:56,2025-09-15 09:01:56
70,2024-09-21 00:37:36,2024-10-04 00:37:36,2024-10-01 14:37:36,2024-10-03 17:37:36
71,2025-08-02 11:33:27,2025-08-05 11:33:27,2025-08-10 06:33:27,2025-08-11 03:33:27
72,2024-12-03 02:04:59,2024-12-15 02:04:59,2024-12-06 09:04:59,2024-12-08 07:04:59
73,2025-08-07 11:20:01,2025-08-16 11:20:01,2025-08-08 04:20:01,2025-08-11 03:20:01
74,2025-03-04 04:48:04,2025-03-06 04:48:04,2025-03-06 06:48:04,2025-03-06 20:48:04
75,2024-12-03 20:00:49,2024-12-05 20:00:49,2024-12-04 18:00:49,2024-12-06 02:00:49
76,2025-01-08 15:51:48,2025-01-12 15:51:48,,
77,2025-08-08 03:11:03,2025-08-18 03:11:03,2025-08-09 01:11:03,2025-08-11 13:11:03
78,2025-06-27 14:48:17,2025-07-07 14:48:17,2025-07-03 12:48:17,2025-07-03 20:48:17
79,2025-04-02 04:33:45,2025-04-09 04:33:45,2025-04-10 04:33:45,2025-04-12 06:33:45
80,2025-06-16 13:01:38,2025-06-27 13:01:38,2025-06-23 03:01:38,2025-06-26 00:01:38
81,2025-06-09 23:01:23,2025-06-12 23:01:23,2025-06-23 07:01:23,2025-06-25 09:01:23
82,2024-09-12 04:51:56,2024-09-20 04:51:56,2024-09-22 09:51:56,2024-09-23 06:51:56
83,2024-12-26 12:50:22,2025-01-02 12:50:22,2025-01-04 22:50:22,2025-01-07 10:50:22
84,2025-03-31 10:01:02,2025-04-14 10:01:02,2025-04-06 05:01:02,2025-04-08 12:01:02
85,2025-03-21 15:00:35,2025-03-24 15:00:35,2025-03-28 13:00:35,2025-03-29 02:00:35
86,2025-04-08 10:30:13,2025-04-11 10:30:13,2025-04-20 08:30:13,2025-04-22 10:30:13
87,2025-07-30 20:34:37,2025-08-02 20:34:37,,
88,2024-09-13 21:24:36,2024-09-21 21:24:36,2024-09-22 00:24:36,2024-09-22 16:24:36
89,2024-12-05 15:10:17,2024-12-14 15:10:17,2024-12-08 01:10:17,2024-12-10 05:10:17
90,2024-11-22 13:13:26,2024-11-28 13:13:26,2024-11-24 16:13:26,2024-11-24 21:13:26
91,2024-09-09 14:34:33,2024-09-14 14:34:33,2024-09-19 12:34:33,2024-09-19 16:34:33
92,2024-10-26 21:14:45,2024-11-06 21:14:45,2024-11-09 05:14:45,2024-11-09 22:14:45
93,2024-10-16 22:40:44,2024-10-23 22:40:44,,
94,2024-09-06 23:51:38,2024-09-07 23:51:38,2024-09-14 11:51:38,2024-09-16 03:51:38
95,2024-11-20 14:31:34,2024-11-27 14:31:34,2024-11-25 06:31:34,2024-11-25 13:31:34
96,2025-04-13 07:45:51,2025-04-19 07:45:51,2025-04-25 09:45:51,2025-04-27 11:45:51
97,2025-05-31 20:45:50,2025-06-08 20:45:50,2025-06-13 21:45:50,2025-06-15 02:45:50
98,2025-07-11 22:49:07,2025-07-13 22:49:07,2025-07-21 12:49:07,2025-07-23 10:49:07
99,2025-06-27 21:17:37,2025-07-01 21:17:37,2025-07-04 03:17:37,2025-07-06 23:17:37
100,2025-06-01 12:26:33,2025-06-02 12:26:33,2025-06-14 09:26:33,2025-06-14 10:26:33
101,2024-11-02 13:20:46,2024-11-09 13:20:46,2024-11-08 17:20:46,2024-11-08 21:20:46
102,2025-05-14 01:17:23,2025-05-22 01:17:23,2025-05-15 15:17:23,2025-05-16 09:17:23
103,2025-07-24 21:28:57,2025-08-04 21:28:57,2025-08-05 20:28:57,2025-08-08 01:28:57
104,2025-03-29 14:54:45,2025-04-11 14:54:45,2025-04-09 09:54:45,2025-04-11 11:54:45
105,2024-12-30 03:17:26,2025-01-03 03:17:26,2025-01-09 10:17:26,2025-01-11 02:17:26
106,2024-09-28 14:34:26,2024-10-01 14:34:26,2024-09-29 12:34:26,2024-09-30 02:34:26
107,2024-09-12 23:48:12,2024-09-24 23:48:12,2024-09-13 11:48:12,2024-09-14 02:48:12
108,2025-01-21 19:02:54,2025-02-04 19:02:54,2025-02-04 12:02:54,2025-02-05 05:02:54
109,2025-01-30 02:45:35,2025-02-05 02:45:35,2025-02-04 13:45:35,2025-02-05 06:45:35
110,2025-06-04 23:31:53,2025-06-10 23:31:53,2025-06-11 16:31:53,2025-06-13 15:31:53
111,2024-12-14 07:38:21,2024-12-20 07:38:21,2024-12-18 07:38:21,2024-12-20 20:38:21
112,2025-01-23 18:11:06,2025-02-05 18:11:06,2025-01-31 08:11:06,2025-01-31 09:11:06
113,2025-05-22 03:44:50,2025-05-29 03:44:50,2025-06-03 04:44:50,2025-06-03 21:44:50
114,2025-08-06 22:18:04,2025-08-07 22:18:04,2025-08-18 04:18:04,2025-08-20 07:18:04
115,2024-11-01 04:31:26,2024-11-05 04:31:26,2024-11-11 14:31:26,2024-11-13 09:31:26
116,2025-07-09 21:32:59,2025-07-14 21:32:59,,
117,2025-04-05 14:21:22,2025-04-07 14:21:22,2025-04-14 02:21:22,2025-04-14 06:21:22
118,2025-07-18 11:35:37,2025-07-20 11:35:37,2025-07-26 00:35:37,2025-07-27 10:35:37
119,2025-08-27 10:55:18,2025-09-05 10:55:18,2025-09-06 04:55:18,2025-09-08 00:55:18
120,2025-01-26 06:12:40,2025-01-29 06:12:40,2025-02-06 09:12:40,2025-02-07 08:12:40
121,2025-05-24 09:54:03,2025-06-07 09:54:03,,
122,2025-05-12 06:16:34,2025-05-18 06:16:34,,
123,2024-11-23 21:23:24,2024-11-27 21:23:24,2024-11-29 22:23:24,2024-12-02 16:23:24
124,2024-12-22 20:34:50,2024-12-25 20:34:50,2024-12-30 06:34:50,2024-12-30 20:34:50
125,2024-11-01 04:08:49,2024-11-07 04:08:49,2024-11-12 00:08:49,2024-11-12 05:08:49
126,2025-01-20 11:20:07,2025-01-28 11:20:07,,
127,2025-01-17 08:35:44,2025-01-30 08:35:44,2025-01-25 04:35:44,2025-01-28 01:35:44
128,2025-06-04 09:37:12,2025-06-14 09:37:12,2025-06-17 15:37:12,2025-06-20 15:37:12
129,2024-12-14 22:36:37,2024-12-21 22:36:37,2024-12-17 16:36:37,2024-12-20 14:36:37
130,2025-08-12 03:32:43,2025-08-26 03:32:43,2025-08-24 06:32:43,2025-08-25 17:32:43
131,2025-07-17 00:23:27,2025-07-25 00:23:27,2025-07-23 20:23:27,2025-07-24 00:23:27
132,2025-05-03 19:17:28,2025-05-10 19:17:28,2025-05-08 03:17:28,2025-05-09 21:17:28
133,2024-12-17 15:20:41,2024-12-26 15:20:41,2024-12-19 04:20:41,2024-12-21 10:20:41
134,2025-08-24 05:07:54,2025-08-26 05:07:54,2025-09-03 23:07:54,2025-09-06 03:07:54
135,2025-04-17 15:51:15,2025-04-21 15:51:15,2025-04-20 14:51:15,2025-04-21 09:51:15
136,2024-09-26 10:00:26,2024-10-02 10:00:26,2024-09-27 16:00:26,2024-09-29 18:00:26
137,2025-01-09 11:22:22,2025-01-14 11:22:22,2025-01-19 09:22:22,2025-01-19 16:22:22
138,2025-02-21 17:03:18,2025-03-05 17:03:18,2025-03-01 06:03:18,2025-03-03 14:03:18
139,2025-07-26 20:45:51,2025-08-08 20:45:51,2025-08-08 20:45:51,2025-08-11 13:45:51
140,2025-05-11 06:33:33,2025-05-22 06:33:33,2025-05-14 17:33:33,2025-05-15 16:33:33
141,2025-05-08 20:54:41,2025-05-21 20:54:41,2025-05-11 16:54:41,2025-05-11 23:54:41
142,2025-04-18 16:02:31,2025-04-23 16:02:31,2025-04-29 17:02:31,2025-05-01 07:02:31
143,2025-07-21 13:59:31,2025-08-04 13:59:31,2025-07-22 19:59:31,2025-07-24 18:59:31
144,2025-06-16 02:31:00,2025-06-27 02:31:00,2025-06-27 17:31:00,2025-06-30 16:31:00
145,2025-01-18 17:29:36,2025-01-22 17:29:36,2025-01-30 03:29:36,2025-01-31 23:29:36
146,2025-08-22 03:31:37,2025-08-26 03:31:37,2025-09-05 03:31:37,2025-09-07 07:31:37
147,2024-09-26 08:05:52,2024-10-09 08:05:52,2024-10-07 17:05:52,2024-10-10 00:05:52
148,2025-04-27 23:43:51,2025-05-01 23:43:51,2025-05-02 11:43:51,2025-05-04 21:43:51
149,2025-06-07 14:12:55,2025-06-15 14:12:55,2025-06-08 11:12:55,2025-06-09 09:12:55
150,2025-07-08 08:46:44,2025-07-12 08:46:44,,
151,2024-12-25 23:32:11,2025-01-08 23:32:11,2024-12-28 12:32:11,2024-12-30 08:32:11
152,2025-06-23 12:37:17,2025-07-02 12:37:17,2025-06-29 07:37:17,2025-07-02 04:37:17
153,2025-07-01 16:32:23,2025-07-13 16:32:23,,
154,2025-08-05 22:15:23,2025-08-09 22:15:23,2025-08-09 09:15:23,2025-08-09 23:15:23
155,2025-06-20 03:15:24,2025-07-03 03:15:24,,
156,2025-08-25 15:54:48,2025-08-29 15:54:48,2025-09-07 02:54:48,2025-09-08 21:54:48
157,2024-09-27 05:50:02,2024-10-05 05:50:02,2024-10-06 04:50:02,2024-10-06 18:50:02
158,2025-04-07 07:14:29,2025-04-14 07:14:29,,
159,2025-08-13 11:22:26,2025-08-23 11:22:26,2025-08-17 14:22:26,2025-08-18 02:22:26
160,2025-03-13 14:32:17,2025-03-21 14:32:17,2025-03-25 18:32:17,2025-03-26 00:32:17
161,2024-11-23 21:59:23,2024-11-25 21:59:23,,
162,2025-02-19 12:17:51,2025-02-26 12:17:51,2025-02-25 15:17:51,2025-02-25 18:17:51
163,2024-10-27 18:03:02,2024-11-03 18:03:02,2024-11-01 00:03:02,2024-11-01 10:03:02
164,2025-02-13 03:08:38,2025-02-15 03:08:38,2025-02-17 13:08:38,2025-02-18 07:08:38
165,2025-04-07 03:27:53,2025-04-15 03:27:53,,
166,2025-01-16 16:39:48,2025-01-19 16:39:48,2025-01-25 20:39:48,2025-01-26 15:39:48
167,2025-02-17 11:32:36,2025-02-27 11:32:36,2025-03-02 10:32:36,2025-03-03 05:32:36
168,2025-08-03 09:39:57,2025-08-04 09:39:57,2025-08-07 18:39:57,2025-08-09 10:39:57
169,2025-02-27 19:58:41,2025-03-05 19:58:41,2025-03-08 07:58:41,2025-03-09 05:58:41
170,2024-09-12 18:36:57,2024-09-21 18:36:57,,
171,2025-04-30 18:14:54,2025-05-14 18:14:54,,
172,2024-11-19 05:39:54,2024-11-20 05:39:54,2024-11-28 11:39:54,2024-11-29 02:39:54
173,2024-11-04 17:49:05,2024-11-05 17:49:05,2024-11-16 19:49:05,2024-11-17 13:49:05
174,2025-03-24 18:05:23,2025-04-02 18:05:23,2025-03-27 12:05:23,2025-03-27 23:05:23
175,2024-11-23 11:36:38,2024-11-28 11:36:38,,
176,2025-07-19 16:00:46,2025-07-21 16:00:46,2025-08-02 04:00:46,2025-08-03 10:00:46
177,2024-11-17 16:23:59,2024-11-27 16:23:59,2024-12-01 07:23:59,2024-12-03 20:23:59
178,2024-09-09 18:56:11,2024-09-19 18:56:11,2024-09-11 10:56:11,2024-09-12 19:56:11
179,2024-09-08 08:22:34,2024-09-22 08:22:34,2024-09-17 08:22:34,2024-09-17 12:22:34
180,2025-04-30 06:07:15,2025-05-12 06:07:15,2025-05-02 21:07:15,2025-05-04 05:07:15
181,2025-04-21 05:19:32,2025-05-03 05:19:32,2025-04-23 05:19:32,2025-04-24 19:19:32
182,2025-08-03 16:50:37,2025-08-05 16:50:37,,
183,2025-01-31 07:34:52,2025-02-13 07:34:52,2025-02-07 12:34:52,2025-02-07 15:34:52
184,2025-03-29 16:11:16,2025-03-31 16:11:16,,
185,2025-05-19 00:31:39,2025-05-27 00:31:39,2025-05-21 06:31:39,2025-05-21 20:31:39
186,2024-09-16 04:34:00,2024-09-17 04:34:00,2024-09-18 17:34:00,2024-09-19 11:34:00
187,2025-05-17 07:27:27,2025-05-27 07:27:27,2025-05-31 03:27:27,2025-06-01 18:27:27
188,2025-04-14 08:44:04,2025-04-16 08:44:04,2025-04-17 15:44:04,2025-04-18 04:44:04
189,2025-06-30 12:52:57,2025-07-05 12:52:57,2025-07-07 05:52:57,2025-07-07 14:52:57
190,2025-09-01 08:15:13,2025-09-11 08:15:13,2025-09-06 15:15:13,2025-09-08 14:15:13
191,2024-09-09 06:55:38,2024-09-15 06:55:38,2024-09-11 03:55:38,2024-09-11 08:55:38
192,2025-07-07 22:46:36,2025-07-13 22:46:36,2025-07-15 10:46:36,2025-07-17 19:46:36
193,2024-11-27 17:51:20,2024-11-29 17:51:20,2024-12-05 11:51:20,2024-12-06 04:51:20
194,2025-08-28 14:39:25,2025-08-30 14:39:25,2025-09-07 19:39:25,2025-09-09 11:39:25
195,2024-12-15 20:52:46,2024-12-23 20:52:46,2024-12-20 20:52:46,2024-12-22 06:52:46
196,2025-06-12 11:59:10,2025-06-21 11:59:10,2025-06-19 21:59:10,2025-06-20 13:59:10
197,2024-09-26 02:39:00,2024-10-01 02:39:00,2024-10-01 23:39:00,2024-10-03 10:39:00
198,2025-07-23 10:14:51,2025-07-24 10:14:51,2025-08-04 18:14:51,2025-08-05 11:14:51
199,2025-04-28 13:33:01,2025-05-09 13:33:01,2025-05-05 09:33:01,2025-05-06 09:33:01
200,2025-02-20 09:38:16,2025-02-25 09:38:16,2025-03-05 02:38:16,2025-03-07 23:38:16
201,2025-01-12 22:11:02,2025-01-24 22:11:02,,
202,2024-09-07 09:17:06,2024-09-19 09:17:06,2024-09-14 06:17:06,2024-09-14 14:17:06
203,2024-12-05 13:18:54,2024-12-16 13:18:54,2024-12-13 06:18:54,2024-12-13 18:18:54
204,2025-05-09 15:00:50,2025-05-15 15:00:50,2025-05-18 00:00:50,2025-05-20 02:00:50
205,2025-08-16 18:22:37,2025-08-18 18:22:37,2025-08-29 00:22:37,2025-08-29 04:22:37
206,2024-12-12 16:02:45,2024-12-23 16:02:45,2024-12-26 13:02:45,2024-12-26 20:02:45
207,2025-03-30 18:31:03,2025-04-06 18:31:03,2025-04-04 22:31:03,2025-04-07 11:31:03
208,2025-04-15 12:45:59,2025-04-28 12:45:59,2025-04-17 14:45:59,2025-04-18 19:45:59
209,2025-05-15 03:24:02,2025-05-24 03:24:02,2025-05-28 20:24:02,2025-05-29 20:24:02
210,2024-10-10 17:13:44,2024-10-14 17:13:44,2024-10-18 02:13:44,2024-10-18 10:13:44
211,2025-06-07 19:25:47,2025-06-12 19:25:47,,
212,2024-09-09 12:52:53,2024-09-11 12:52:53,2024-09-12 21:52:53,2024-09-15 12:52:53
213,2024-09-19 06:05:04,2024-09-28 06:05:04,2024-09-26 03:05:04,2024-09-27 05:05:04
214,2025-06-04 02:00:54,2025-06-14 02:00:54,2025-06-05 23:00:54,2025-06-08 20:00:54
215,2024-10-06 12:11:06,2024-10-11 12:11:06,2024-10-15 04:11:06,2024-10-16 03:11:06
216,2025-01-16 22:25:18,2025-01-27 22:25:18,2025-01-29 12:25:18,2025-01-30 06:25:18
217,2024-09-09 11:45:22,2024-09-20 11:45:22,,
218,2024-10-17 07:52:14,2024-10-18 07:52:14,2024-10-28 06:52:14,2024-10-28 22:52:14
219,2025-07-30 11:34:50,2025-08-13 11:34:50,2025-08-03 08:34:50,2025-08-03 22:34:50
220,2025-08-17 18:36:53,2025-08-22 18:36:53,2025-08-31 12:36:53,2025-09-03 01:36:53
221,2024-10-20 17:34:43,2024-10-27 17:34:43,2024-10-29 17:34:43,2024-10-29 18:34:43
222,2025-04-01 02:07:07,2025-04-06 02:07:07,,
223,2024-12-15 17:27:08,2024-12-20 17:27:08,2024-12-28 11:27:08,2024-12-30 06:27:08
224,2025-01-03 08:41:20,2025-01-13 08:41:20,2025-01-05 03:41:20,2025-01-07 18:41:20
225,2025-04-03 03:09:02,2025-04-11 03:09:02,2025-04-12 14:09:02,2025-04-14 07:09:02
226,2024-09-20 00:52:12,2024-10-02 00:52:12,2024-09-26 15:52:12,2024-09-27 19:52:12
227,2024-09-09 09:07:53,2024-09-23 09:07:53,2024-09-11 16:07:53,2024-09-12 15:07:53
228,2024-11-26 03:41:27,2024-12-09 03:41:27,2024-11-28 04:41:27,2024-11-29 00:41:27
229,2025-08-12 12:45:18,2025-08-19 12:45:18,2025-08-23 13:45:18,2025-08-25 12:45:18
230,2025-05-03 03:18:21,2025-05-04 03:18:21,2025-05-03 21:18:21,2025-05-04 00:18:21
231,2025-04-11 14:17:13,2025-04-19 14:17:13,,
232,2024-12-31 23:34:51,2025-01-13 23:34:51,2025-01-01 08:34:51,2025-01-02 13:34:51
233,2024-09-07 23:23:00,2024-09-21 23:23:00,2024-09-21 19:23:00,2024-09-24 10:23:00
234,2025-02-24 06:11:17,2025-03-08 06:11:17,,
235,2025-05-16 17:40:08,2025-05-22 17:40:08,2025-05-24 20:40:08,2025-05-25 01:40:08
236,2024-10-28 04:21:19,2024-10-30 04:21:19,2024-11-08 01:21:19,2024-11-10 05:21:19
237,2025-01-06 08:19:17,2025-01-14 08:19:17,2025-01-20 06:19:17,2025-01-22 21:19:17
238,2025-08-26 10:52:58,2025-08-28 10:52:58,2025-08-31 12:52:58,2025-09-01 21:52:58
239,2025-06-26 01:03:16,2025-07-09 01:03:16,,
240,2024-12-29 18:25:21,2025-01-10 18:25:21,2024-12-30 13:25:21,2024-12-31 12:25:21
241,2025-04-21 13:35:08,2025-04-27 13:35:08,2025-04-25 23:35:08,2025-04-27 17:35:08
242,2024-10-21 13:44:45,2024-10-22 13:44:45,2024-11-01 11:44:45,2024-11-02 00:44:45
243,2024-10-14 14:02:48,2024-10-15 14:02:48,2024-10-23 03:02:48,2024-10-26 01:02:48
244,2024-12-04 03:51:56,2024-12-05 03:51:56,,
245,2024-10-05 16:12:31,2024-10-07 16:12:31,2024-10-18 20:12:31,2024-10-21 13:12:31
246,2025-07-13 03:13:48,2025-07-14 03:13:48,2025-07-26 05:13:48,2025-07-27 04:13:48
247,2025-06-30 23:35:56,2025-07-14 23:35:56,2025-07-09 13:35:56,2025-07-12 04:35:56
248,2025-05-13 16:27:15,2025-05-17 16:27:15,2025-05-24 12:27:15,2025-05-25 08:27:15
249,2025-02-17 01:00:46,2025-02-26 01:00:46,2025-03-01 00:00:46,2025-03-01 05:00:46
250,2025-03-06 08:24:23,2025-03-10 08:24:23,2025-03-11 07:24:23,2025-03-12 10:24:23
251,2025-07-28 09:56:30,2025-07-30 09:56:30,2025-08-01 06:56:30,2025-08-02 03:56:30
252,2024-11-15 10:22:11,2024-11-20 10:22:11,2024-11-16 21:22:11,2024-11-18 12:22:11
253,2025-04-07 21:19:40,2025-04-12 21:19:40,2025-04-16 11:19:40,2025-04-17 06:19:40
254,2025-03-29 07:50:24,2025-04-10 07:50:24,,
255,2025-05-16 20:28:05,2025-05-23 20:28:05,2025-05-24 08:28:05,2025-05-25 04:28:05
256,2025-06-27 10:36:53,2025-07-04 10:36:53,2025-07-01 08:36:53,2025-07-04 01:36:53
257,2025-03-11 16:02:37,2025-03-12 16:02:37,2025-03-18 03:02:37,2025-03-19 01:02:37
258,2025-07-13 14:24:29,2025-07-25 14:24:29,,
259,2025-08-12 18:59:17,2025-08-23 18:59:17,2025-08-26 17:59:17,2025-08-27 21:59:17
260,2025-04-17 10:20:59,2025-04-24 10:20:59,2025-04-29 04:20:59,2025-05-01 07:20:59
261,2025-04-30 13:37:39,2025-05-03 13:37:39,2025-05-10 00:37:39,2025-05-12 04:37:39
262,2025-06-20 12:17:32,2025-06-26 12:17:32,2025-07-02 07:17:32,2025-07-05 07:17:32
263,2024-10-10 20:24:40,2024-10-11 20:24:40,,
264,2024-11-22 13:29:13,2024-12-02 13:29:13,2024-11-26 08:29:13,2024-11-26 13:29:13
265,2024-09-19 15:27:08,2024-09-26 15:27:08,2024-10-01 04:27:08,2024-10-01 10:27:08
266,2024-12-24 04:41:50,2024-12-30 04:41:50,2025-01-05 09:41:50,2025-01-07 10:41:50
267,2025-01-22 14:57:01,2025-01-25 14:57:01,2025-01-24 00:57:01,2025-01-25 23:57:01
268,2025-06-18 16:01:51,2025-06-20 16:01:51,2025-06-21 02:01:51,2025-06-24 01:01:51
269,2025-08-25 19:33:52,2025-09-03 19:33:52,2025-09-07 10:33:52,2025-09-07 20:33:52
270,2024-12-08 09:23:50,2024-12-20 09:23:50,2024-12-10 20:23:50,2024-12-13 04:23:50
271,2024-09-08 23:10:55,2024-09-10 23:10:55,2024-09-14 22:10:55,2024-09-17 17:10:55
272,2024-12-18 20:44:16,2024-12-24 20:44:16,2024-12-29 08:44:16,2024-12-29 23:44:16
273,2024-11-03 01:35:12,2024-11-13 01:35:12,,
274,2025-04-28 05:14:08,2025-05-12 05:14:08,2025-04-28 17:14:08,2025-04-30 03:14:08
275,2025-04-26 04:31:18,2025-04-27 04:31:18,2025-04-30 21:31:18,2025-05-01 03:31:18
276,2025-04-18 07:33:12,2025-04-30 07:33:12,2025-05-01 01:33:12,2025-05-03 00:33:12
277,2025-05-25 15:01:32,2025-05-26 15:01:32,2025-06-06 13:01:32,2025-06-07 23:01:32
278,2024-09-25 10:10:03,2024-10-01 10:10:03,2024-09-26 03:10:03,2024-09-28 16:10:03
279,2024-09-12 15:31:30,2024-09-26 15:31:30,,
280,2024-09-28 02:05:24,2024-10-11 02:05:24,2024-10-11 02:05:24,2024-10-13 22:05:24
281,2025-03-07 18:01:41,2025-03-10 18:01:41,2025-03-10 13:01:41,2025-03-11 02:01:41
282,2025-07-20 00:26:46,2025-08-01 00:26:46,2025-07-23 21:26:46,2025-07-24 09:26:46
283,2025-06-25 16:40:03,2025-07-06 16:40:03,2025-07-08 09:40:03,2025-07-09 16:40:03
284,2024-12-28 07:35:16,2024-12-30 07:35:16,2025-01-07 20:35:16,2025-01-10 10:35:16
285,2025-08-27 02:59:48,2025-08-31 02:59:48,2025-09-07 21:59:48,2025-09-08 07:59:48
286,2025-03-01 11:27:30,2025-03-14 11:27:30,2025-03-10 13:27:30,2025-03-12 12:27:30
287,2025-06-24 12:58:24,2025-07-01 12:58:24,2025-07-07 13:58:24,2025-07-09 13:58:24
288,2025-06-24 17:50:29,2025-06-27 17:50:29,2025-06-30 15:50:29,2025-07-01 15:50:29
289,2025-05-03 18:31:39,2025-05-11 18:31:39,2025-05-14 18:31:39,2025-05-16 00:31:39
290,2025-01-08 17:51:14,2025-01-10 17:51:14,2025-01-22 08:51:14,2025-01-25 06:51:14
291,2025-04-19 23:27:05,2025-04-30 23:27:05,2025-04-23 02:27:05,2025-04-23 13:27:05
292,2024-11-27 20:06:39,2024-11-29 20:06:39,2024-12-06 13:06:39,2024-12-07 18:06:39
293,2025-07-24 13:41:50,2025-07-27 13:41:50,2025-07-24 21:41:50,2025-07-25 18:41:50
294,2025-06-26 00:34:48,2025-06-30 00:34:48,2025-07-03 13:34:48,2025-07-04 02:34:48
295,2025-06-12 12:07:34,2025-06-13 12:07:34,,
296,2025-02-18 13:18:49,2025-02-21 13:18:49,2025-03-04 04:18:49,2025-03-04 07:18:49
297,2025-05-18 09:39:17,2025-05-31 09:39:17,2025-05-22 21:39:17,2025-05-23 03:39:17
298,2025-03-15 11:37:31,2025-03-19 11:37:31,2025-03-22 00:37:31,2025-03-22 17:37:31
299,2025-03-20 20:22:41,2025-03-30 20:22:41,2025-03-28 03:22:41,2025-03-30 18:22:41
300,2024-11-06 09:32:55,2024-11-09 09:32:55,2024-11-13 01:32:55,2024-11-13 14:32:55
301,2024-11-15 22:48:22,2024-11-24 22:48:22,,
302,2024-10-05 22:04:16,2024-10-12 22:04:16,2024-10-19 12:04:16,2024-10-22 10:04:16
303,2024-12-05 20:10:40,2024-12-07 20:10:40,2024-12-14 19:10:40,2024-12-14 20:10:40
304,2025-02-25 07:02:52,2025-03-09 07:02:52,2025-03-02 20:02:52,2025-03-05 10:02:52
305,2025-03-19 11:37:45,2025-04-01 11:37:45,2025-03-30 17:37:45,2025-03-31 10:37:45
306,2025-08-17 10:57:58,2025-08-27 10:57:58,2025-08-19 17:57:58,2025-08-21 06:57:58
307,2024-12-07 03:46:41,2024-12-15 03:46:41,2024-12-10 04:46:41,2024-12-11 07:46:41
308,2024-11-30 19:59:14,2024-12-12 19:59:14,,
309,2025-07-17 04:15:41,2025-07-19 04:15:41,2025-07-18 16:15:41,2025-07-21 01:15:41
310,2024-11-24 15:07:43,2024-12-06 15:07:43,2024-12-03 15:07:43,2024-12-05 22:07:43
311,2024-12-26 03:34:49,2025-01-08 03:34:49,2025-01-04 18:34:49,2025-01-06 02:34:49
312,2025-05-04 00:02:19,2025-05-09 00:02:19,2025-05-04 16:02:19,2025-05-05 22:02:19
313,2025-04-09 19:53:34,2025-04-18 19:53:34,2025-04-22 23:53:34,2025-04-25 21:53:34
314,2025-07-22 19:10:28,2025-07-25 19:10:28,2025-07-25 00:10:28,2025-07-25 04:10:28
315,2025-01-26 02:31:32,2025-01-30 02:31:32,2025-01-28 11:31:32,2025-01-29 03:31:32
316,2025-02-02 14:49:25,2025-02-03 14:49:25,2025-02-15 14:49:25,2025-02-18 07:49:25
317,2025-01-20 06:11:15,2025-01-24 06:11:15,2025-01-22 23:11:15,2025-01-25 03:11:15
318,2025-06-07 00:48:14,2025-06-09 00:48:14,2025-06-14 15:48:14,2025-06-14 22:48:14
319,2024-10-17 02:37:18,2024-10-21 02:37:18,2024-10-29 10:37:18,2024-11-01 06:37:18
320,2024-10-24 02:52:34,2024-11-06 02:52:34,2024-10-26 01:52:34,2024-10-27 01:52:34
321,2025-06-03 16:44:06,2025-06-04 16:44:06,2025-06-07 16:44:06,2025-06-08 09:44:06
322,2024-11-16 01:38:16,2024-11-24 01:38:16,2024-11-20 16:38:16,2024-11-21 02:38:16
323,2024-09-19 19:52:22,2024-09-23 19:52:22,2024-10-03 10:52:22,2024-10-03 16:52:22
324,2024-10-28 12:41:03,2024-11-03 12:41:03,,
325,2024-11-05 15:23:29,2024-11-13 15:23:29,2024-11-18 00:23:29,2024-11-18 15:23:29
326,2024-09-19 09:52:05,2024-10-03 09:52:05,2024-09-25 03:52:05,2024-09-27 06:52:05
327,2025-01-01 21:12:51,2025-01-03 21:12:51,2025-01-08 05:12:51,2025-01-10 23:12:51
328,2025-04-27 05:14:43,2025-05-02 05:14:43,,
329,2025-05-05 02:33:30,2025-05-16 02:33:30,2025-05-17 14:33:30,2025-05-18 00:33:30
330,2024-11-21 11:09:21,2024-11-26 11:09:21,2024-11-30 22:09:21,2024-12-01 17:09:21
331,2025-01-24 03:46:09,2025-02-06 03:46:09,2025-01-29 21:46:09,2025-02-01 19:46:09
332,2025-08-18 17:17:19,2025-08-28 17:17:19,2025-08-19 16:17:19,2025-08-22 01:17:19
333,2024-11-03 02:38:32,2024-11-09 02:38:32,2024-11-16 10:38:32,2024-11-18 19:38:32
334,2025-07-10 09:12:38,2025-07-11 09:12:38,2025-07-23 02:12:38,2025-07-23 20:12:38
335,2025-02-12 22:05:45,2025-02-13 22:05:45,2025-02-15 23:05:45,2025-02-18 23:05:45
336,2025-04-11 14:06:39,2025-04-22 14:06:39,2025-04-16 04:06:39,2025-04-19 01:06:39
337,2024-09-26 03:59:35,2024-10-03 03:59:35,2024-09-29 23:59:35,2024-10-01 08:59:35
338,2025-01-28 18:49:59,2025-02-05 18:49:59,2025-02-01 06:49:59,2025-02-03 08:49:59
339,2024-09-09 09:29:38,2024-09-13 09:29:38,2024-09-17 21:29:38,2024-09-19 15:29:38
340,2025-07-07 20:45:02,2025-07-15 20:45:02,2025-07-21 19:45:02,2025-07-22 15:45:02
341,2025-05-17 20:29:00,2025-05-27 20:29:00,2025-05-23 14:29:00,2025-05-25 03:29:00
342,2025-04-03 05:28:41,2025-04-16 05:28:41,2025-04-12 00:28:41,2025-04-14 04:28:41
343,2025-07-18 23:45:57,2025-07-26 23:45:57,2025-07-22 01:45:57,2025-07-22 05:45:57
344,2024-11-12 10:28:00,2024-11-15 10:28:00,2024-11-17 00:28:00,2024-11-17 17:28:00
345,2025-04-21 11:23:06,2025-04-22 11:23:06,2025-05-04 17:23:06,2025-05-04 18:23:06
346,2024-12-12 13:56:59,2024-12-13 13:56:59,2024-12-19 08:56:59,2024-12-21 08:56:59
347,2025-04-09 10:26:24,2025-04-13 10:26:24,2025-04-15 20:26:24,2025-04-16 02:26:24
348,2025-01-23 02:23:47,2025-01-25 02:23:47,2025-02-01 06:23:47,2025-02-01 18:23:47
349,2025-05-09 07:15:45,2025-05-13 07:15:45,2025-05-14 00:15:45,2025-05-15 06:15:45
350,2025-03-02 07:43:22,2025-03-03 07:43:22,,
351,2024-12-26 23:28:52,2025-01-04 23:28:52,2024-12-31 09:28:52,2025-01-01 10:28:52
352,2025-02-22 21:06:56,2025-03-02 21:06:56,2025-02-27 20:06:56,2025-03-01 12:06:56
353,2024-10-29 04:20:34,2024-11-02 04:20:34,2024-11-08 01:20:34,2024-11-08 19:20:34
354,2025-02-27 12:29:24,2025-02-28 12:29:24,2025-03-02 10:29:24,2025-03-04 17:29:24
355,2024-10-30 21:48:21,2024-11-09 21:48:21,2024-11-05 17:48:21,2024-11-08 01:48:21
356,2025-06-19 10:44:41,2025-06-29 10:44:41,2025-06-29 03:44:41,2025-07-02 03:44:41
357,2025-02-01 23:48:26,2025-02-12 23:48:26,2025-02-09 12:48:26,2025-02-12 04:48:26
358,2025-03-27 05:03:54,2025-04-02 05:03:54,2025-04-04 20:03:54,2025-04-06 18:03:54
359,2025-02-24 09:10:06,2025-03-08 09:10:06,2025-02-25 22:10:06,2025-02-28 06:10:06
360,2025-03-21 02:40:11,2025-04-04 02:40:11,,
361,2024-12-18 09:11:35,2024-12-23 09:11:35,2024-12-28 09:11:35,2024-12-31 03:11:35
362,2024-12-06 18:58:36,2024-12-16 18:58:36,2024-12-07 05:58:36,2024-12-07 11:58:36
363,2025-01-21 21:46:44,2025-01-25 21:46:44,2025-01-29 19:46:44,2025-02-01 01:46:44
364,2025-01-05 21:52:09,2025-01-07 21:52:09,2025-01-17 13:52:09,2025-01-19 08:52:09
365,2024-10-29 12:09:58,2024-11-09 12:09:58,2024-11-12 01:09:58,2024-11-13 11:09:58
366,2025-03-16 12:29:25,2025-03-21 12:29:25,2025-03-28 17:29:25,2025-03-31 09:29:25
367,2025-03-13 13:42:58,2025-03-21 13:42:58,2025-03-26 09:42:58,2025-03-27 02:42:58
368,2025-07-01 12:37:24,2025-07-14 12:37:24,,
369,2024-09-17 08:08:03,2024-09-26 08:08:03,2024-09-18 06:08:03,2024-09-19 05:08:03
370,2025-08-01 10:14:15,2025-08-14 10:14:15,2025-08-11 20:14:15,2025-08-13 14:14:15
371,2025-01-17 05:59:04,2025-01-23 05:59:04,2025-01-25 14:59:04,2025-01-27 18:59:04
372,2025-02-19 17:19:12,2025-02-28 17:19:12,2025-03-04 04:19:12,2025-03-06 07:19:12
373,2025-05-28 10:58:45,2025-06-06 10:58:45,2025-06-05 15:58:45,2025-06-06 06:58:45
374,2024-10-13 04:51:50,2024-10-21 04:51:50,2024-10-21 13:51:50,2024-10-22 09:51:50
375,2025-01-17 22:11:03,2025-01-24 22:11:03,2025-01-28 04:11:03,2025-01-28 17:11:03
376,2024-11-12 03:42:30,2024-11-26 03:42:30,2024-11-22 09:42:30,2024-11-23 06:42:30
377,2025-07-31 17:26:25,2025-08-10 17:26:25,2025-08-07 00:26:25,2025-08-07 20:26:25
378,2025-02-09 21:56:13,2025-02-19 21:56:13,2025-02-13 08:56:13,2025-02-14 02:56:13
379,2024-09-11 06:38:38,2024-09-15 06:38:38,2024-09-18 12:38:38,2024-09-19 08:38:38
380,2025-01-31 13:47:06,2025-02-04 13:47:06,2025-02-10 15:47:06,2025-02-10 17:47:06
381,2025-01-02 01:38:58,2025-01-12 01:38:58,2025-01-13 09:38:58,2025-01-15 18:38:58
382,2025-07-05 04:06:30,2025-07-07 04:06:30,,
383,2025-07-29 07:18:43,2025-08-02 07:18:43,2025-07-31 19:18:43,2025-08-01 04:18:43
384,2024-10-30 23:12:38,2024-11-04 23:12:38,2024-11-09 16:12:38,2024-11-10 02:12:38
385,2025-01-07 20:10:25,2025-01-20 20:10:25,2025-01-11 03:10:25,2025-01-11 20:10:25
386,2025-06-08 04:10:53,2025-06-19 04:10:53,2025-06-20 15:10:53,2025-06-23 02:10:53
387,2025-02-26 22:02:47,2025-03-09 22:02:47,2025-03-02 17:02:47,2025-03-04 04:02:47
388,2024-12-19 19:26:16,2024-12-29 19:26:16,2024-12-21 08:26:16,2024-12-21 22:26:16
389,2025-02-02 09:04:35,2025-02-14 09:04:35,2025-02-02 19:04:35,2025-02-05 10:04:35
390,2025-07-09 17:24:46,2025-07-14 17:24:46,,
391,2025-03-09 20:24:32,2025-03-23 20:24:32,2025-03-14 03:24:32,2025-03-15 14:24:32
392,2025-01-04 05:15:09,2025-01-13 05:15:09,2025-01-07 19:15:09,2025-01-10 03:15:09
393,2024-10-31 23:57:00,2024-11-09 23:57:00,2024-11-13 13:57:00,2024-11-15 21:57:00
394,2025-01-02 08:37:46,2025-01-04 08:37:46,2025-01-12 03:37:46,2025-01-14 19:37:46
395,2025-08-14 09:17:06,2025-08-27 09:17:06,2025-08-22 15:17:06,2025-08-23 04:17:06
396,2024-09-15 11:55:33,2024-09-21 11:55:33,2024-09-19 23:55:33,2024-09-21 01:55:33
397,2025-07-20 14:51:35,2025-07-30 14:51:35,2025-08-02 10:51:35,2025-08-04 04:51:35
398,2024-11-08 15:45:40,2024-11-16 15:45:40,2024-11-13 11:45:40,2024-11-13 14:45:40
399,2025-07-25 06:25:30,2025-07-27 06:25:30,2025-07-26 11:25:30,2025-07-27 07:25:30
400,2025-04-08 08:45:07,2025-04-16 08:45:07,2025-04-16 06:45:07,2025-04-17 11:45:07
401,2024-09-11 23:36:06,2024-09-15 23:36:06,2024-09-19 04:36:06,2024-09-19 23:36:06
402,2025-08-31 11:07:50,2025-09-08 11:07:50,2025-09-05 10:07:50,2025-09-05 13:07:50
403,2025-05-20 23:34:14,2025-06-02 23:34:14,2025-05-27 14:34:14,2025-05-27 16:34:14
404,2024-12-18 07:52:42,2025-01-01 07:52:42,2024-12-22 01:52:42,2024-12-23 18:52:42
405,2025-02-25 13:32:19,2025-03-11 13:32:19,2025-03-08 17:32:19,2025-03-09 21:32:19
406,2025-03-15 07:48:18,2025-03-18 07:48:18,2025-03-19 20:48:18,2025-03-20 16:48:18
407,2025-06-19 15:56:10,2025-06-27 15:56:10,2025-07-01 15:56:10,2025-07-04 01:56:10
408,2024-09-30 03:18:49,2024-10-14 03:18:49,2024-10-07 22:18:49,2024-10-09 14:18:49
409,2024-09-12 23:17:12,2024-09-23 23:17:12,2024-09-22 04:17:12,2024-09-23 11:17:12
410,2025-01-03 16:28:52,2025-01-16 16:28:52,2025-01-15 14:28:52,2025-01-18 08:28:52
411,2025-07-31 21:52:24,2025-08-04 21:52:24,,
412,2024-11-30 14:59:42,2024-12-13 14:59:42,2024-12-08 03:59:42,2024-12-09 03:59:42
413,2024-12-09 13:00:34,2024-12-23 13:00:34,2024-12-13 06:00:34,2024-12-14 04:00:34
414,2025-07-25 09:54:44,2025-08-06 09:54:44,2025-07-26 00:54:44,2025-07-26 11:54:44
415,2025-08-27 03:04:07,2025-08-29 03:04:07,2025-09-09 13:04:07,2025-09-12 13:04:07
416,2025-08-15 13:47:13,2025-08-19 13:47:13,2025-08-21 00:47:13,2025-08-24 00:47:13
417,2024-09-15 22:06:41,2024-09-19 22:06:41,2024-09-22 16:06:41,2024-09-25 13:06:41
418,2024-11-04 04:27:50,2024-11-16 04:27:50,2024-11-10 10:27:50,2024-11-11 11:27:50
419,2025-06-10 12:17:19,2025-06-13 12:17:19,2025-06-16 05:17:19,2025-06-16 07:17:19
420,2025-06-26 18:00:30,2025-06-27 18:00:30,,
421,2024-12-21 20:36:58,2024-12-25 20:36:58,2025-01-04 14:36:58,2025-01-05 07:36:58
422,2025-07-22 02:14:00,2025-07-27 02:14:00,,
423,2024-12-13 03:12:24,2024-12-27 03:12:24,2024-12-16 12:12:24,2024-12-17 09:12:24
424,2024-11-08 05:22:01,2024-11-21 05:22:01,2024-11-16 03:22:01,2024-11-18 05:22:01
425,2025-03-02 12:06:19,2025-03-13 12:06:19,2025-03-13 09:06:19,2025-03-14 14:06:19
426,2024-10-24 14:52:53,2024-11-04 14:52:53,2024-10-31 10:52:53,2024-11-03 01:52:53
427,2025-04-08 19:47:55,2025-04-09 19:47:55,2025-04-18 06:47:55,2025-04-20 00:47:55
428,2025-08-06 23:17:49,2025-08-16 23:17:49,2025-08-17 15:17:49,2025-08-17 18:17:49
429,2025-05-16 14:36:42,2025-05-30 14:36:42,,
430,2025-08-20 23:33:35,2025-09-02 23:33:35,2025-08-26 17:33:35,2025-08-27 13:33:35
431,2025-03-29 03:31:39,2025-04-10 03:31:39,2025-04-01 13:31:39,2025-04-02 23:31:39
432,2024-11-03 13:46:05,2024-11-07 13:46:05,2024-11-15 01:46:05,2024-11-17 02:46:05
433,2025-04-18 21:45:36,2025-04-20 21:45:36,,
434,2024-09-13 18:59:10,2024-09-20 18:59:10,2024-09-14 22:59:10,2024-09-14 23:59:10
435,2025-04-28 11:47:08,2025-05-08 11:47:08,,
436,2025-01-12 20:54:58,2025-01-26 20:54:58,2025-01-16 02:54:58,2025-01-18 17:54:58
437,2024-11-09 07:59:13,2024-11-11 07:59:13,2024-11-20 15:59:13,2024-11-22 01:59:13
438,2024-09-20 00:52:36,2024-09-22 00:52:36,2024-09-27 06:52:36,2024-09-28 20:52:36
439,2024-12-09 15:20:56,2024-12-17 15:20:56,2024-12-10 22:20:56,2024-12-11 11:20:56
440,2025-05-22 12:22:10,2025-05-23 12:22:10,2025-06-04 16:22:10,2025-06-05 11:22:10
441,2024-10-25 05:51:44,2024-10-28 05:51:44,,
442,2025-04-03 05:33:08,2025-04-11 05:33:08,2025-04-13 22:33:08,2025-04-16 01:33:08
443,2025-07-06 10:37:17,2025-07-11 10:37:17,2025-07-17 21:37:17,2025-07-18 12:37:17
444,2025-03-15 13:07:42,2025-03-24 13:07:42,2025-03-16 11:07:42,2025-03-19 03:07:42
445,2025-01-15 23:32:07,2025-01-21 23:32:07,2025-01-20 18:32:07,2025-01-23 16:32:07
446,2024-10-10 15:07:03,2024-10-20 15:07:03,,
447,2025-05-24 22:16:46,2025-06-06 22:16:46,2025-05-29 13:16:46,2025-06-01 07:16:46
448,2024-12-23 15:59:12,2025-01-03 15:59:12,2025-01-02 03:59:12,2025-01-05 02:59:12
449,2024-09-20 08:45:52,2024-10-03 08:45:52,2024-10-02 02:45:52,2024-10-02 18:45:52
450,2024-12-30 10:03:40,2025-01-06 10:03:40,2025-01-10 03:03:40,2025-01-12 17:03:40
451,2024-09-06 15:27:51,2024-09-19 15:27:51,2024-09-15 16:27:51,2024-09-15 19:27:51
452,2024-12-26 20:44:25,2025-01-06 20:44:25,2025-01-09 19:44:25,2025-01-12 14:44:25
453,2024-09-10 15:06:10,2024-09-21 15:06:10,2024-09-21 17:06:10,2024-09-21 21:06:10
454,2025-04-04 08:34:58,2025-04-07 08:34:58,2025-04-11 23:34:58,2025-04-14 05:34:58
455,2025-05-20 20:34:55,2025-06-01 20:34:55,2025-05-23 02:34:55,2025-05-23 13:34:55
456,2025-04-11 03:12:12,2025-04-13 03:12:12,2025-04-13 06:12:12,2025-04-14 04:12:12
457,2025-06-23 12:54:33,2025-06-27 12:54:33,2025-06-25 08:54:33,2025-06-27 23:54:33
458,2024-12-08 23:43:29,2024-12-10 23:43:29,2024-12-12 17:43:29,2024-12-14 15:43:29
459,2025-03-10 13:52:21,2025-03-18 13:52:21,2025-03-17 12:52:21,2025-03-19 18:52:21
460,2025-03-06 19:01:15,2025-03-13 19:01:15,2025-03-20 09:01:15,2025-03-21 23:01:15
461,2024-10-08 05:32:47,2024-10-12 05:32:47,2024-10-09 22:32:47,2024-10-10 17:32:47
462,2025-04-09 15:46:23,2025-04-17 15:46:23,2025-04-15 17:46:23,2025-04-16 15:46:23
463,2024-11-04 06:21:31,2024-11-06 06:21:31,2024-11-15 04:21:31,2024-11-15 12:21:31
464,2025-07-26 18:39:57,2025-08-09 18:39:57,2025-08-07 04:39:57,2025-08-09 07:39:57
465,2025-04-06 11:45:55,2025-04-07 11:45:55,2025-04-06 16:45:55,2025-04-08 18:45:55
466,2024-11-03 19:32:21,2024-11-04 19:32:21,2024-11-16 12:32:21,2024-11-17 13:32:21
467,2025-02-24 16:55:10,2025-03-08 16:55:10,2025-03-01 03:55:10,2025-03-04 03:55:10
468,2024-10-05 18:59:51,2024-10-07 18:59:51,2024-10-14 01:59:51,2024-10-16 13:59:51
469,2025-07-26 14:22:59,2025-07-27 14:22:59,2025-08-05 07:22:59,2025-08-07 05:22:59
470,2025-04-25 08:31:43,2025-05-06 08:31:43,2025-05-08 05:31:43,2025-05-09 08:31:43
471,2024-11-25 10:40:25,2024-11-30 10:40:25,2024-11-27 17:40:25,2024-11-30 08:40:25
472,2024-12-30 09:25:25,2025-01-07 09:25:25,2025-01-03 07:25:25,2025-01-03 23:25:25
473,2024-12-04 01:41:56,2024-12-07 01:41:56,2024-12-10 11:41:56,2024-12-12 11:41:56
474,2024-11-20 18:12:28,2024-12-01 18:12:28,2024-11-21 19:12:28,2024-11-24 03:12:28
475,2024-12-03 12:55:43,2024-12-17 12:55:43,2024-12-16 12:55:43,2024-12-18 04:55:43
476,2025-02-13 16:41:42,2025-02-20 16:41:42,2025-02-15 07:41:42,2025-02-16 20:41:42
477,2025-02-09 16:13:58,2025-02-18 16:13:58,2025-02-16 08:13:58,2025-02-18 11:13:58
478,2025-05-21 12:11:48,2025-05-28 12:11:48,2025-05-23 02:11:48,2025-05-23 03:11:48
479,2025-07-30 09:04:06,2025-08-02 09:04:06,2025-08-01 09:04:06,2025-08-03 12:04:06
480,2025-02-13 23:00:44,2025-02-20 23:00:44,2025-02-27 00:00:44,2025-02-28 01:00:44
481,2025-07-12 15:40:07,2025-07-23 15:40:07,2025-07-17 09:40:07,2025-07-18 16:40:07
482,2025-08-09 21:52:48,2025-08-21 21:52:48,2025-08-15 22:52:48,2025-08-16 23:52:48
483,2025-08-31 10:52:22,2025-09-05 10:52:22,2025-09-07 17:52:22,2025-09-10 07:52:22
484,2024-12-08 21:32:34,2024-12-22 21:32:34,2024-12-10 18:32:34,2024-12-11 06:32:34
485,2025-08-12 09:39:31,2025-08-19 09:39:31,2025-08-18 04:39:31,2025-08-18 13:39:31
486,2024-12-17 18:00:55,2024-12-27 18:00:55,2024-12-24 08:00:55,2024-12-25 07:00:55
487,2025-05-01 23:26:13,2025-05-07 23:26:13,2025-05-14 04:26:13,2025-05-16 23:26:13
488,2025-05-31 20:53:50,2025-06-11 20:53:50,2025-06-01 11:53:50,2025-06-03 21:53:50
489,2025-04-16 07:51:50,2025-04-28 07:51:50,2025-04-17 06:51:50,2025-04-17 17:51:50
490,2024-11-22 20:40:49,2024-11-25 20:40:49,2024-12-02 10:40:49,2024-12-03 17:40:49
491,2025-04-22 12:38:54,2025-05-06 12:38:54,2025-05-04 11:38:54,2025-05-04 16:38:54
492,2024-10-23 12:00:38,2024-11-04 12:00:38,2024-10-27 04:00:38,2024-10-28 06:00:38
493,2024-10-02 19:48:52,2024-10-13 19:48:52,2024-10-07 16:48:52,2024-10-08 06:48:52
494,2025-06-26 03:55:11,2025-07-01 03:55:11,,
495,2024-12-06 20:55:32,2024-12-12 20:55:32,2024-12-14 11:55:32,2024-12-15 20:55:32
496,2025-05-11 16:03:08,2025-05-14 16:03:08,2025-05-22 19:03:08,2025-05-24 23:03:08
497,2025-06-10 00:12:49,2025-06-19 00:12:49,2025-06-13 22:12:49,2025-06-14 03:12:49
498,2025-01-17 23:55:05,2025-01-20 23:55:05,,
499,2025-07-10 10:22:54,2025-07-21 10:22:54,2025-07-16 16:22:54,2025-07-19 04:22:54
500,2025-01-15 23:30:53,2025-01-24 23:30:53,2025-01-20 16:30:53,2025-01-21 19:30:53
