id_expense,id_department,expense_type,amount,date
1,1,зарплата,43162.2,2025-09-10 00:00:00
2,1,зарплата,28774.800000000003,2025-09-25 00:00:00
3,1,зарплата,43162.2,2025-08-10 00:00:00
4,1,зарплата,28774.800000000003,2025-08-25 00:00:00
5,1,зарплата,43162.2,2025-07-10 00:00:00
6,1,зарплата,28774.800000000003,2025-07-25 00:00:00
7,1,зарплата,43162.2,2025-06-10 00:00:00
8,1,зарплата,28774.800000000003,2025-06-25 00:00:00
9,1,зарплата,43162.2,2025-05-10 00:00:00
10,1,зарплата,28774.800000000003,2025-05-25 00:00:00
11,1,зарплата,43162.2,2025-04-10 00:00:00
12,1,зарплата,28774.800000000003,2025-04-25 00:00:00
13,1,зарплата,43162.2,2025-03-10 00:00:00
14,1,зарплата,28774.800000000003,2025-03-25 00:00:00
15,1,зарплата,43162.2,2025-02-10 00:00:00
16,1,зарплата,28774.800000000003,2025-02-25 00:00:00
17,1,зарплата,43162.2,2025-01-10 00:00:00
18,1,зарплата,28774.800000000003,2025-01-25 00:00:00
19,1,зарплата,43162.2,2024-12-10 00:00:00
20,1,зарплата,28774.800000000003,2024-12-25 00:00:00
21,1,зарплата,43162.2,2024-11-10 00:00:00
22,1,зарплата,28774.800000000003,2024-11-25 00:00:00
23,1,зарплата,43162.2,2024-10-10 00:00:00
24,1,зарплата,28774.800000000003,2024-10-25 00:00:00
25,1,зарплата,42391.2,2025-09-10 00:00:00
26,1,зарплата,28260.800000000003,2025-09-25 00:00:00
27,1,зарплата,42391.2,2025-08-10 00:00:00
28,1,зарплата,28260.800000000003,2025-08-25 00:00:00
29,1,зарплата,42391.2,2025-07-10 00:00:00
30,1,зарплата,28260.800000000003,2025-07-25 00:00:00
31,1,зарплата,42391.2,2025-06-10 00:00:00
32,1,зарплата,28260.800000000003,2025-06-25 00:00:00
33,1,зарплата,42391.2,2025-05-10 00:00:00
34,1,зарплата,28260.800000000003,2025-05-25 00:00:00
35,1,зарплата,42391.2,2025-04-10 00:00:00
36,1,зарплата,28260.800000000003,2025-04-25 00:00:00
37,1,зарплата,42391.2,2025-03-10 00:00:00
38,1,зарплата,28260.800000000003,2025-03-25 00:00:00
39,1,зарплата,42391.2,2025-02-10 00:00:00
40,1,зарплата,28260.800000000003,2025-02-25 00:00:00
41,1,зарплата,42391.2,2025-01-10 00:00:00
42,1,зарплата,28260.800000000003,2025-01-25 00:00:00
43,1,зарплата,42391.2,2024-12-10 00:00:00
44,1,зарплата,28260.800000000003,2024-12-25 00:00:00
45,1,зарплата,42391.2,2024-11-10 00:00:00
46,1,зарплата,28260.800000000003,2024-11-25 00:00:00
47,1,зарплата,42391.2,2024-10-10 00:00:00
48,1,зарплата,28260.800000000003,2024-10-25 00:00:00
49,1,зарплата,45270.0,2025-09-10 00:00:00
50,1,зарплата,30180.0,2025-09-25 00:00:00
51,1,зарплата,45270.0,2025-08-10 00:00:00
52,1,зарплата,30180.0,2025-08-25 00:00:00
53,1,зарплата,45270.0,2025-07-10 00:00:00
54,1,зарплата,30180.0,2025-07-25 00:00:00
55,1,зарплата,45270.0,2025-06-10 00:00:00
56,1,зарплата,30180.0,2025-06-25 00:00:00
57,1,зарплата,45270.0,2025-05-10 00:00:00
58,1,зарплата,30180.0,2025-05-25 00:00:00
59,1,зарплата,45270.0,2025-04-10 00:00:00
60,1,зарплата,30180.0,2025-04-25 00:00:00
61,1,зарплата,45270.0,2025-03-10 00:00:00
62,1,зарплата,30180.0,2025-03-25 00:00:00
63,1,зарплата,45270.0,2025-02-10 00:00:00
64,1,зарплата,30180.0,2025-02-25 00:00:00
65,1,зарплата,45270.0,2025-01-10 00:00:00
66,1,зарплата,30180.0,2025-01-25 00:00:00
67,1,зарплата,45270.0,2024-12-10 00:00:00
68,1,зарплата,30180.0,2024-12-25 00:00:00
69,1,зарплата,45270.0,2024-11-10 00:00:00
70,1,зарплата,30180.0,2024-11-25 00:00:00
71,1,зарплата,45270.0,2024-10-10 00:00:00
72,1,зарплата,30180.0,2024-10-25 00:00:00
73,1,зарплата,32161.199999999997,2025-09-10 00:00:00
74,1,зарплата,21440.800000000003,2025-09-25 00:00:00
75,1,зарплата,32161.199999999997,2025-08-10 00:00:00
76,1,зарплата,21440.800000000003,2025-08-25 00:00:00
77,1,зарплата,32161.199999999997,2025-07-10 00:00:00
78,1,зарплата,21440.800000000003,2025-07-25 00:00:00
79,1,зарплата,32161.199999999997,2025-06-10 00:00:00
80,1,зарплата,21440.800000000003,2025-06-25 00:00:00
81,1,зарплата,32161.199999999997,2025-05-10 00:00:00
82,1,зарплата,21440.800000000003,2025-05-25 00:00:00
83,1,зарплата,32161.199999999997,2025-04-10 00:00:00
84,1,зарплата,21440.800000000003,2025-04-25 00:00:00
85,1,зарплата,32161.199999999997,2025-03-10 00:00:00
86,1,зарплата,21440.800000000003,2025-03-25 00:00:00
87,1,зарплата,32161.199999999997,2025-02-10 00:00:00
88,1,зарплата,21440.800000000003,2025-02-25 00:00:00
89,1,зарплата,32161.199999999997,2025-01-10 00:00:00
90,1,зарплата,21440.800000000003,2025-01-25 00:00:00
91,1,зарплата,32161.199999999997,2024-12-10 00:00:00
92,1,зарплата,21440.800000000003,2024-12-25 00:00:00
93,1,зарплата,32161.199999999997,2024-11-10 00:00:00
94,1,зарплата,21440.800000000003,2024-11-25 00:00:00
95,1,зарплата,32161.199999999997,2024-10-10 00:00:00
96,1,зарплата,21440.800000000003,2024-10-25 00:00:00
97,1,зарплата,31609.8,2025-09-10 00:00:00
98,1,зарплата,21073.2,2025-09-25 00:00:00
99,1,зарплата,31609.8,2025-08-10 00:00:00
100,1,зарплата,21073.2,2025-08-25 00:00:00
101,1,зарплата,31609.8,2025-07-10 00:00:00
102,1,зарплата,21073.2,2025-07-25 00:00:00
103,1,зарплата,31609.8,2025-06-10 00:00:00
104,1,зарплата,21073.2,2025-06-25 00:00:00
105,1,зарплата,31609.8,2025-05-10 00:00:00
106,1,зарплата,21073.2,2025-05-25 00:00:00
107,1,зарплата,31609.8,2025-04-10 00:00:00
108,1,зарплата,21073.2,2025-04-25 00:00:00
109,1,зарплата,31609.8,2025-03-10 00:00:00
110,1,зарплата,21073.2,2025-03-25 00:00:00
111,1,зарплата,31609.8,2025-02-10 00:00:00
112,1,зарплата,21073.2,2025-02-25 00:00:00
113,1,зарплата,31609.8,2025-01-10 00:00:00
114,1,зарплата,21073.2,2025-01-25 00:00:00
115,1,зарплата,31609.8,2024-12-10 00:00:00
116,1,зарплата,21073.2,2024-12-25 00:00:00
117,1,зарплата,31609.8,2024-11-10 00:00:00
118,1,зарплата,21073.2,2024-11-25 00:00:00
119,1,зарплата,31609.8,2024-10-10 00:00:00
120,1,зарплата,21073.2,2024-10-25 00:00:00
121,1,зарплата,26340.6,2025-09-10 00:00:00
122,1,зарплата,17560.4,2025-09-25 00:00:00
123,1,зарплата,26340.6,2025-08-10 00:00:00
124,1,зарплата,17560.4,2025-08-25 00:00:00
125,1,зарплата,26340.6,2025-07-10 00:00:00
126,1,зарплата,17560.4,2025-07-25 00:00:00
127,1,зарплата,26340.6,2025-06-10 00:00:00
128,1,зарплата,17560.4,2025-06-25 00:00:00
129,1,зарплата,26340.6,2025-05-10 00:00:00
130,1,зарплата,17560.4,2025-05-25 00:00:00
131,1,зарплата,26340.6,2025-04-10 00:00:00
132,1,зарплата,17560.4,2025-04-25 00:00:00
133,1,зарплата,26340.6,2025-03-10 00:00:00
134,1,зарплата,17560.4,2025-03-25 00:00:00
135,1,зарплата,26340.6,2025-02-10 00:00:00
136,1,зарплата,17560.4,2025-02-25 00:00:00
137,1,зарплата,26340.6,2025-01-10 00:00:00
138,1,зарплата,17560.4,2025-01-25 00:00:00
139,1,зарплата,26340.6,2024-12-10 00:00:00
140,1,зарплата,17560.4,2024-12-25 00:00:00
141,1,зарплата,26340.6,2024-11-10 00:00:00
142,1,зарплата,17560.4,2024-11-25 00:00:00
143,1,зарплата,26340.6,2024-10-10 00:00:00
144,1,зарплата,17560.4,2024-10-25 00:00:00
145,1,зарплата,52635.0,2025-09-10 00:00:00
146,1,зарплата,35090.0,2025-09-25 00:00:00
147,1,зарплата,52635.0,2025-08-10 00:00:00
148,1,зарплата,35090.0,2025-08-25 00:00:00
149,1,зарплата,52635.0,2025-07-10 00:00:00
150,1,зарплата,35090.0,2025-07-25 00:00:00
151,1,зарплата,52635.0,2025-06-10 00:00:00
152,1,зарплата,35090.0,2025-06-25 00:00:00
153,1,зарплата,52635.0,2025-05-10 00:00:00
154,1,зарплата,35090.0,2025-05-25 00:00:00
155,1,зарплата,52635.0,2025-04-10 00:00:00
156,1,зарплата,35090.0,2025-04-25 00:00:00
157,1,зарплата,52635.0,2025-03-10 00:00:00
158,1,зарплата,35090.0,2025-03-25 00:00:00
159,1,зарплата,52635.0,2025-02-10 00:00:00
160,1,зарплата,35090.0,2025-02-25 00:00:00
161,1,зарплата,52635.0,2025-01-10 00:00:00
162,1,зарплата,35090.0,2025-01-25 00:00:00
163,1,зарплата,52635.0,2024-12-10 00:00:00
164,1,зарплата,35090.0,2024-12-25 00:00:00
165,1,зарплата,52635.0,2024-11-10 00:00:00
166,1,зарплата,35090.0,2024-11-25 00:00:00
167,1,зарплата,52635.0,2024-10-10 00:00:00
168,1,зарплата,35090.0,2024-10-25 00:00:00
169,1,зарплата,34930.2,2025-09-10 00:00:00
170,1,зарплата,23286.800000000003,2025-09-25 00:00:00
171,1,зарплата,34930.2,2025-08-10 00:00:00
172,1,зарплата,23286.800000000003,2025-08-25 00:00:00
173,1,зарплата,34930.2,2025-07-10 00:00:00
174,1,зарплата,23286.800000000003,2025-07-25 00:00:00
175,1,зарплата,34930.2,2025-06-10 00:00:00
176,1,зарплата,23286.800000000003,2025-06-25 00:00:00
177,1,зарплата,34930.2,2025-05-10 00:00:00
178,1,зарплата,23286.800000000003,2025-05-25 00:00:00
179,1,зарплата,34930.2,2025-04-10 00:00:00
180,1,зарплата,23286.800000000003,2025-04-25 00:00:00
181,1,зарплата,34930.2,2025-03-10 00:00:00
182,1,зарплата,23286.800000000003,2025-03-25 00:00:00
183,1,зарплата,34930.2,2025-02-10 00:00:00
184,1,зарплата,23286.800000000003,2025-02-25 00:00:00
185,1,зарплата,34930.2,2025-01-10 00:00:00
186,1,зарплата,23286.800000000003,2025-01-25 00:00:00
187,1,зарплата,34930.2,2024-12-10 00:00:00
188,1,зарплата,23286.800000000003,2024-12-25 00:00:00
189,1,зарплата,34930.2,2024-11-10 00:00:00
190,1,зарплата,23286.800000000003,2024-11-25 00:00:00
191,1,зарплата,34930.2,2024-10-10 00:00:00
192,1,зарплата,23286.800000000003,2024-10-25 00:00:00
193,2,зарплата,58454.4,2025-09-10 00:00:00
194,2,зарплата,38969.6,2025-09-25 00:00:00
195,2,зарплата,58454.4,2025-08-10 00:00:00
196,2,зарплата,38969.6,2025-08-25 00:00:00
197,2,зарплата,58454.4,2025-07-10 00:00:00
198,2,зарплата,38969.6,2025-07-25 00:00:00
199,2,зарплата,58454.4,2025-06-10 00:00:00
200,2,зарплата,38969.6,2025-06-25 00:00:00
201,2,зарплата,58454.4,2025-05-10 00:00:00
202,2,зарплата,38969.6,2025-05-25 00:00:00
203,2,зарплата,58454.4,2025-04-10 00:00:00
204,2,зарплата,38969.6,2025-04-25 00:00:00
205,2,зарплата,58454.4,2025-03-10 00:00:00
206,2,зарплата,38969.6,2025-03-25 00:00:00
207,2,зарплата,58454.4,2025-02-10 00:00:00
208,2,зарплата,38969.6,2025-02-25 00:00:00
209,2,зарплата,58454.4,2025-01-10 00:00:00
210,2,зарплата,38969.6,2025-01-25 00:00:00
211,2,зарплата,58454.4,2024-12-10 00:00:00
212,2,зарплата,38969.6,2024-12-25 00:00:00
213,2,зарплата,58454.4,2024-11-10 00:00:00
214,2,зарплата,38969.6,2024-11-25 00:00:00
215,2,зарплата,58454.4,2024-10-10 00:00:00
216,2,зарплата,38969.6,2024-10-25 00:00:00
217,2,зарплата,32671.8,2025-09-10 00:00:00
218,2,зарплата,21781.2,2025-09-25 00:00:00
219,2,зарплата,32671.8,2025-08-10 00:00:00
220,2,зарплата,21781.2,2025-08-25 00:00:00
221,2,зарплата,32671.8,2025-07-10 00:00:00
222,2,зарплата,21781.2,2025-07-25 00:00:00
223,2,зарплата,32671.8,2025-06-10 00:00:00
224,2,зарплата,21781.2,2025-06-25 00:00:00
225,2,зарплата,32671.8,2025-05-10 00:00:00
226,2,зарплата,21781.2,2025-05-25 00:00:00
227,2,зарплата,32671.8,2025-04-10 00:00:00
228,2,зарплата,21781.2,2025-04-25 00:00:00
229,2,зарплата,32671.8,2025-03-10 00:00:00
230,2,зарплата,21781.2,2025-03-25 00:00:00
231,2,зарплата,32671.8,2025-02-10 00:00:00
232,2,зарплата,21781.2,2025-02-25 00:00:00
233,2,зарплата,32671.8,2025-01-10 00:00:00
234,2,зарплата,21781.2,2025-01-25 00:00:00
235,2,зарплата,32671.8,2024-12-10 00:00:00
236,2,зарплата,21781.2,2024-12-25 00:00:00
237,2,зарплата,32671.8,2024-11-10 00:00:00
238,2,зарплата,21781.2,2024-11-25 00:00:00
239,2,зарплата,32671.8,2024-10-10 00:00:00
240,2,зарплата,21781.2,2024-10-25 00:00:00
241,2,зарплата,68863.2,2025-09-10 00:00:00
242,2,зарплата,45908.8,2025-09-25 00:00:00
243,2,зарплата,68863.2,2025-08-10 00:00:00
244,2,зарплата,45908.8,2025-08-25 00:00:00
245,2,зарплата,68863.2,2025-07-10 00:00:00
246,2,зарплата,45908.8,2025-07-25 00:00:00
247,2,зарплата,68863.2,2025-06-10 00:00:00
248,2,зарплата,45908.8,2025-06-25 00:00:00
249,2,зарплата,68863.2,2025-05-10 00:00:00
250,2,зарплата,45908.8,2025-05-25 00:00:00
251,2,зарплата,68863.2,2025-04-10 00:00:00
252,2,зарплата,45908.8,2025-04-25 00:00:00
253,2,зарплата,68863.2,2025-03-10 00:00:00
254,2,зарплата,45908.8,2025-03-25 00:00:00
255,2,зарплата,68863.2,2025-02-10 00:00:00
256,2,зарплата,45908.8,2025-02-25 00:00:00
257,2,зарплата,68863.2,2025-01-10 00:00:00
258,2,зарплата,45908.8,2025-01-25 00:00:00
259,2,зарплата,68863.2,2024-12-10 00:00:00
260,2,зарплата,45908.8,2024-12-25 00:00:00
261,2,зарплата,68863.2,2024-11-10 00:00:00
262,2,зарплата,45908.8,2024-11-25 00:00:00
263,2,зарплата,68863.2,2024-10-10 00:00:00
264,2,зарплата,45908.8,2024-10-25 00:00:00
265,2,зарплата,32114.399999999998,2025-09-10 00:00:00
266,2,зарплата,21409.600000000002,2025-09-25 00:00:00
267,2,зарплата,32114.399999999998,2025-08-10 00:00:00
268,2,зарплата,21409.600000000002,2025-08-25 00:00:00
269,2,зарплата,32114.399999999998,2025-07-10 00:00:00
270,2,зарплата,21409.600000000002,2025-07-25 00:00:00
271,2,зарплата,32114.399999999998,2025-06-10 00:00:00
272,2,зарплата,21409.600000000002,2025-06-25 00:00:00
273,2,зарплата,32114.399999999998,2025-05-10 00:00:00
274,2,зарплата,21409.600000000002,2025-05-25 00:00:00
275,2,зарплата,32114.399999999998,2025-04-10 00:00:00
276,2,зарплата,21409.600000000002,2025-04-25 00:00:00
277,2,зарплата,32114.399999999998,2025-03-10 00:00:00
278,2,зарплата,21409.600000000002,2025-03-25 00:00:00
279,2,зарплата,32114.399999999998,2025-02-10 00:00:00
280,2,зарплата,21409.600000000002,2025-02-25 00:00:00
281,2,зарплата,32114.399999999998,2025-01-10 00:00:00
282,2,зарплата,21409.600000000002,2025-01-25 00:00:00
283,2,зарплата,32114.399999999998,2024-12-10 00:00:00
284,2,зарплата,21409.600000000002,2024-12-25 00:00:00
285,2,зарплата,32114.399999999998,2024-11-10 00:00:00
286,2,зарплата,21409.600000000002,2024-11-25 00:00:00
287,2,зарплата,32114.399999999998,2024-10-10 00:00:00
288,2,зарплата,21409.600000000002,2024-10-25 00:00:00
289,2,зарплата,36971.4,2025-09-10 00:00:00
290,2,зарплата,24647.600000000002,2025-09-25 00:00:00
291,2,зарплата,36971.4,2025-08-10 00:00:00
292,2,зарплата,24647.600000000002,2025-08-25 00:00:00
293,2,зарплата,36971.4,2025-07-10 00:00:00
294,2,зарплата,24647.600000000002,2025-07-25 00:00:00
295,2,зарплата,36971.4,2025-06-10 00:00:00
296,2,зарплата,24647.600000000002,2025-06-25 00:00:00
297,2,зарплата,36971.4,2025-05-10 00:00:00
298,2,зарплата,24647.600000000002,2025-05-25 00:00:00
299,2,зарплата,36971.4,2025-04-10 00:00:00
300,2,зарплата,24647.600000000002,2025-04-25 00:00:00
301,2,зарплата,36971.4,2025-03-10 00:00:00
302,2,зарплата,24647.600000000002,2025-03-25 00:00:00
303,2,зарплата,36971.4,2025-02-10 00:00:00
304,2,зарплата,24647.600000000002,2025-02-25 00:00:00
305,2,зарплата,36971.4,2025-01-10 00:00:00
306,2,зарплата,24647.600000000002,2025-01-25 00:00:00
307,2,зарплата,36971.4,2024-12-10 00:00:00
308,2,зарплата,24647.600000000002,2024-12-25 00:00:00
309,2,зарплата,36971.4,2024-11-10 00:00:00
310,2,зарплата,24647.600000000002,2024-11-25 00:00:00
311,2,зарплата,36971.4,2024-10-10 00:00:00
312,2,зарплата,24647.600000000002,2024-10-25 00:00:00
313,2,зарплата,30890.399999999998,2025-09-10 00:00:00
314,2,зарплата,20593.600000000002,2025-09-25 00:00:00
315,2,зарплата,30890.399999999998,2025-08-10 00:00:00
316,2,зарплата,20593.600000000002,2025-08-25 00:00:00
317,2,зарплата,30890.399999999998,2025-07-10 00:00:00
318,2,зарплата,20593.600000000002,2025-07-25 00:00:00
319,2,зарплата,30890.399999999998,2025-06-10 00:00:00
320,2,зарплата,20593.600000000002,2025-06-25 00:00:00
321,2,зарплата,30890.399999999998,2025-05-10 00:00:00
322,2,зарплата,20593.600000000002,2025-05-25 00:00:00
323,2,зарплата,30890.399999999998,2025-04-10 00:00:00
324,2,зарплата,20593.600000000002,2025-04-25 00:00:00
325,2,зарплата,30890.399999999998,2025-03-10 00:00:00
326,2,зарплата,20593.600000000002,2025-03-25 00:00:00
327,2,зарплата,30890.399999999998,2025-02-10 00:00:00
328,2,зарплата,20593.600000000002,2025-02-25 00:00:00
329,2,зарплата,30890.399999999998,2025-01-10 00:00:00
330,2,зарплата,20593.600000000002,2025-01-25 00:00:00
331,2,зарплата,30890.399999999998,2024-12-10 00:00:00
332,2,зарплата,20593.600000000002,2024-12-25 00:00:00
333,2,зарплата,30890.399999999998,2024-11-10 00:00:00
334,2,зарплата,20593.600000000002,2024-11-25 00:00:00
335,2,зарплата,30890.399999999998,2024-10-10 00:00:00
336,2,зарплата,20593.600000000002,2024-10-25 00:00:00
337,2,зарплата,47854.2,2025-09-10 00:00:00
338,2,зарплата,31902.800000000003,2025-09-25 00:00:00
339,2,зарплата,47854.2,2025-08-10 00:00:00
340,2,зарплата,31902.800000000003,2025-08-25 00:00:00
341,2,зарплата,47854.2,2025-07-10 00:00:00
342,2,зарплата,31902.800000000003,2025-07-25 00:00:00
343,2,зарплата,47854.2,2025-06-10 00:00:00
344,2,зарплата,31902.800000000003,2025-06-25 00:00:00
345,2,зарплата,47854.2,2025-05-10 00:00:00
346,2,зарплата,31902.800000000003,2025-05-25 00:00:00
347,2,зарплата,47854.2,2025-04-10 00:00:00
348,2,зарплата,31902.800000000003,2025-04-25 00:00:00
349,2,зарплата,47854.2,2025-03-10 00:00:00
350,2,зарплата,31902.800000000003,2025-03-25 00:00:00
351,2,зарплата,47854.2,2025-02-10 00:00:00
352,2,зарплата,31902.800000000003,2025-02-25 00:00:00
353,2,зарплата,47854.2,2025-01-10 00:00:00
354,2,зарплата,31902.800000000003,2025-01-25 00:00:00
355,2,зарплата,47854.2,2024-12-10 00:00:00
356,2,зарплата,31902.800000000003,2024-12-25 00:00:00
357,2,зарплата,47854.2,2024-11-10 00:00:00
358,2,зарплата,31902.800000000003,2024-11-25 00:00:00
359,2,зарплата,47854.2,2024-10-10 00:00:00
360,2,зарплата,31902.800000000003,2024-10-25 00:00:00
361,2,зарплата,38761.2,2025-09-10 00:00:00
362,2,зарплата,25840.800000000003,2025-09-25 00:00:00
363,2,зарплата,38761.2,2025-08-10 00:00:00
364,2,зарплата,25840.800000000003,2025-08-25 00:00:00
365,2,зарплата,38761.2,2025-07-10 00:00:00
366,2,зарплата,25840.800000000003,2025-07-25 00:00:00
367,2,зарплата,38761.2,2025-06-10 00:00:00
368,2,зарплата,25840.800000000003,2025-06-25 00:00:00
369,2,зарплата,38761.2,2025-05-10 00:00:00
370,2,зарплата,25840.800000000003,2025-05-25 00:00:00
371,2,зарплата,38761.2,2025-04-10 00:00:00
372,2,зарплата,25840.800000000003,2025-04-25 00:00:00
373,2,зарплата,38761.2,2025-03-10 00:00:00
374,2,зарплата,25840.800000000003,2025-03-25 00:00:00
375,2,зарплата,38761.2,2025-02-10 00:00:00
376,2,зарплата,25840.800000000003,2025-02-25 00:00:00
377,2,зарплата,38761.2,2025-01-10 00:00:00
378,2,зарплата,25840.800000000003,2025-01-25 00:00:00
379,2,зарплата,38761.2,2024-12-10 00:00:00
380,2,зарплата,25840.800000000003,2024-12-25 00:00:00
381,2,зарплата,38761.2,2024-11-10 00:00:00
382,2,зарплата,25840.800000000003,2024-11-25 00:00:00
383,2,зарплата,38761.2,2024-10-10 00:00:00
384,2,зарплата,25840.800000000003,2024-10-25 00:00:00
385,2,зарплата,57059.4,2025-09-10 00:00:00
386,2,зарплата,38039.6,2025-09-25 00:00:00
387,2,зарплата,57059.4,2025-08-10 00:00:00
388,2,зарплата,38039.6,2025-08-25 00:00:00
389,2,зарплата,57059.4,2025-07-10 00:00:00
390,2,зарплата,38039.6,2025-07-25 00:00:00
391,2,зарплата,57059.4,2025-06-10 00:00:00
392,2,зарплата,38039.6,2025-06-25 00:00:00
393,2,зарплата,57059.4,2025-05-10 00:00:00
394,2,зарплата,38039.6,2025-05-25 00:00:00
395,2,зарплата,57059.4,2025-04-10 00:00:00
396,2,зарплата,38039.6,2025-04-25 00:00:00
397,2,зарплата,57059.4,2025-03-10 00:00:00
398,2,зарплата,38039.6,2025-03-25 00:00:00
399,2,зарплата,57059.4,2025-02-10 00:00:00
400,2,зарплата,38039.6,2025-02-25 00:00:00
401,2,зарплата,57059.4,2025-01-10 00:00:00
402,2,зарплата,38039.6,2025-01-25 00:00:00
403,2,зарплата,57059.4,2024-12-10 00:00:00
404,2,зарплата,38039.6,2024-12-25 00:00:00
405,2,зарплата,57059.4,2024-11-10 00:00:00
406,2,зарплата,38039.6,2024-11-25 00:00:00
407,2,зарплата,57059.4,2024-10-10 00:00:00
408,2,зарплата,38039.6,2024-10-25 00:00:00
409,2,зарплата,25674.6,2025-09-10 00:00:00
410,2,зарплата,17116.4,2025-09-25 00:00:00
411,2,зарплата,25674.6,2025-08-10 00:00:00
412,2,зарплата,17116.4,2025-08-25 00:00:00
413,2,зарплата,25674.6,2025-07-10 00:00:00
414,2,зарплата,17116.4,2025-07-25 00:00:00
415,2,зарплата,25674.6,2025-06-10 00:00:00
416,2,зарплата,17116.4,2025-06-25 00:00:00
417,2,зарплата,25674.6,2025-05-10 00:00:00
418,2,зарплата,17116.4,2025-05-25 00:00:00
419,2,зарплата,25674.6,2025-04-10 00:00:00
420,2,зарплата,17116.4,2025-04-25 00:00:00
421,2,зарплата,25674.6,2025-03-10 00:00:00
422,2,зарплата,17116.4,2025-03-25 00:00:00
423,2,зарплата,25674.6,2025-02-10 00:00:00
424,2,зарплата,17116.4,2025-02-25 00:00:00
425,2,зарплата,25674.6,2025-01-10 00:00:00
426,2,зарплата,17116.4,2025-01-25 00:00:00
427,2,зарплата,25674.6,2024-12-10 00:00:00
428,2,зарплата,17116.4,2024-12-25 00:00:00
429,2,зарплата,25674.6,2024-11-10 00:00:00
430,2,зарплата,17116.4,2024-11-25 00:00:00
431,2,зарплата,25674.6,2024-10-10 00:00:00
432,2,зарплата,17116.4,2024-10-25 00:00:00
433,2,зарплата,62789.399999999994,2025-09-10 00:00:00
434,2,зарплата,41859.600000000006,2025-09-25 00:00:00
435,2,зарплата,62789.399999999994,2025-08-10 00:00:00
436,2,зарплата,41859.600000000006,2025-08-25 00:00:00
437,2,зарплата,62789.399999999994,2025-07-10 00:00:00
438,2,зарплата,41859.600000000006,2025-07-25 00:00:00
439,2,зарплата,62789.399999999994,2025-06-10 00:00:00
440,2,зарплата,41859.600000000006,2025-06-25 00:00:00
441,2,зарплата,62789.399999999994,2025-05-10 00:00:00
442,2,зарплата,41859.600000000006,2025-05-25 00:00:00
443,2,зарплата,62789.399999999994,2025-04-10 00:00:00
444,2,зарплата,41859.600000000006,2025-04-25 00:00:00
445,2,зарплата,62789.399999999994,2025-03-10 00:00:00
446,2,зарплата,41859.600000000006,2025-03-25 00:00:00
447,2,зарплата,62789.399999999994,2025-02-10 00:00:00
448,2,зарплата,41859.600000000006,2025-02-25 00:00:00
449,2,зарплата,62789.399999999994,2025-01-10 00:00:00
450,2,зарплата,41859.600000000006,2025-01-25 00:00:00
451,2,зарплата,62789.399999999994,2024-12-10 00:00:00
452,2,зарплата,41859.600000000006,2024-12-25 00:00:00
453,2,зарплата,62789.399999999994,2024-11-10 00:00:00
454,2,зарплата,41859.600000000006,2024-11-25 00:00:00
455,2,зарплата,62789.399999999994,2024-10-10 00:00:00
456,2,зарплата,41859.600000000006,2024-10-25 00:00:00
457,2,зарплата,36815.4,2025-09-10 00:00:00
458,2,зарплата,24543.600000000002,2025-09-25 00:00:00
459,2,зарплата,36815.4,2025-08-10 00:00:00
460,2,зарплата,24543.600000000002,2025-08-25 00:00:00
461,2,зарплата,36815.4,2025-07-10 00:00:00
462,2,зарплата,24543.600000000002,2025-07-25 00:00:00
463,2,зарплата,36815.4,2025-06-10 00:00:00
464,2,зарплата,24543.600000000002,2025-06-25 00:00:00
465,2,зарплата,36815.4,2025-05-10 00:00:00
466,2,зарплата,24543.600000000002,2025-05-25 00:00:00
467,2,зарплата,36815.4,2025-04-10 00:00:00
468,2,зарплата,24543.600000000002,2025-04-25 00:00:00
469,2,зарплата,36815.4,2025-03-10 00:00:00
470,2,зарплата,24543.600000000002,2025-03-25 00:00:00
471,2,зарплата,36815.4,2025-02-10 00:00:00
472,2,зарплата,24543.600000000002,2025-02-25 00:00:00
473,2,зарплата,36815.4,2025-01-10 00:00:00
474,2,зарплата,24543.600000000002,2025-01-25 00:00:00
475,2,зарплата,36815.4,2024-12-10 00:00:00
476,2,зарплата,24543.600000000002,2024-12-25 00:00:00
477,2,зарплата,36815.4,2024-11-10 00:00:00
478,2,зарплата,24543.600000000002,2024-11-25 00:00:00
479,2,зарплата,36815.4,2024-10-10 00:00:00
480,2,зарплата,24543.600000000002,2024-10-25 00:00:00
481,2,зарплата,27724.8,2025-09-10 00:00:00
482,2,зарплата,18483.2,2025-09-25 00:00:00
483,2,зарплата,27724.8,2025-08-10 00:00:00
484,2,зарплата,18483.2,2025-08-25 00:00:00
485,2,зарплата,27724.8,2025-07-10 00:00:00
486,2,зарплата,18483.2,2025-07-25 00:00:00
487,2,зарплата,27724.8,2025-06-10 00:00:00
488,2,зарплата,18483.2,2025-06-25 00:00:00
489,2,зарплата,27724.8,2025-05-10 00:00:00
490,2,зарплата,18483.2,2025-05-25 00:00:00
491,2,зарплата,27724.8,2025-04-10 00:00:00
492,2,зарплата,18483.2,2025-04-25 00:00:00
493,2,зарплата,27724.8,2025-03-10 00:00:00
494,2,зарплата,18483.2,2025-03-25 00:00:00
495,2,зарплата,27724.8,2025-02-10 00:00:00
496,2,зарплата,18483.2,2025-02-25 00:00:00
497,2,зарплата,27724.8,2025-01-10 00:00:00
498,2,зарплата,18483.2,2025-01-25 00:00:00
499,2,зарплата,27724.8,2024-12-10 00:00:00
500,2,зарплата,18483.2,2024-12-25 00:00:00
501,2,зарплата,27724.8,2024-11-10 00:00:00
502,2,зарплата,18483.2,2024-11-25 00:00:00
503,2,зарплата,27724.8,2024-10-10 00:00:00
504,2,зарплата,18483.2,2024-10-25 00:00:00
505,2,зарплата,28006.8,2025-09-10 00:00:00
506,2,зарплата,18671.2,2025-09-25 00:00:00
507,2,зарплата,28006.8,2025-08-10 00:00:00
508,2,зарплата,18671.2,2025-08-25 00:00:00
509,2,зарплата,28006.8,2025-07-10 00:00:00
510,2,зарплата,18671.2,2025-07-25 00:00:00
511,2,зарплата,28006.8,2025-06-10 00:00:00
512,2,зарплата,18671.2,2025-06-25 00:00:00
513,2,зарплата,28006.8,2025-05-10 00:00:00
514,2,зарплата,18671.2,2025-05-25 00:00:00
515,2,зарплата,28006.8,2025-04-10 00:00:00
516,2,зарплата,18671.2,2025-04-25 00:00:00
517,2,зарплата,28006.8,2025-03-10 00:00:00
518,2,зарплата,18671.2,2025-03-25 00:00:00
519,2,зарплата,28006.8,2025-02-10 00:00:00
520,2,зарплата,18671.2,2025-02-25 00:00:00
521,2,зарплата,28006.8,2025-01-10 00:00:00
522,2,зарплата,18671.2,2025-01-25 00:00:00
523,2,зарплата,28006.8,2024-12-10 00:00:00
524,2,зарплата,18671.2,2024-12-25 00:00:00
525,2,зарплата,28006.8,2024-11-10 00:00:00
526,2,зарплата,18671.2,2024-11-25 00:00:00
527,2,зарплата,28006.8,2024-10-10 00:00:00
528,2,зарплата,18671.2,2024-10-25 00:00:00
529,3,зарплата,48902.4,2025-09-10 00:00:00
530,3,зарплата,32601.600000000002,2025-09-25 00:00:00
531,3,зарплата,48902.4,2025-08-10 00:00:00
532,3,зарплата,32601.600000000002,2025-08-25 00:00:00
533,3,зарплата,48902.4,2025-07-10 00:00:00
534,3,зарплата,32601.600000000002,2025-07-25 00:00:00
535,3,зарплата,48902.4,2025-06-10 00:00:00
536,3,зарплата,32601.600000000002,2025-06-25 00:00:00
537,3,зарплата,48902.4,2025-05-10 00:00:00
538,3,зарплата,32601.600000000002,2025-05-25 00:00:00
539,3,зарплата,48902.4,2025-04-10 00:00:00
540,3,зарплата,32601.600000000002,2025-04-25 00:00:00
541,3,зарплата,48902.4,2025-03-10 00:00:00
542,3,зарплата,32601.600000000002,2025-03-25 00:00:00
543,3,зарплата,48902.4,2025-02-10 00:00:00
544,3,зарплата,32601.600000000002,2025-02-25 00:00:00
545,3,зарплата,48902.4,2025-01-10 00:00:00
546,3,зарплата,32601.600000000002,2025-01-25 00:00:00
547,3,зарплата,48902.4,2024-12-10 00:00:00
548,3,зарплата,32601.600000000002,2024-12-25 00:00:00
549,3,зарплата,48902.4,2024-11-10 00:00:00
550,3,зарплата,32601.600000000002,2024-11-25 00:00:00
551,3,зарплата,48902.4,2024-10-10 00:00:00
552,3,зарплата,32601.600000000002,2024-10-25 00:00:00
553,3,зарплата,57104.4,2025-09-10 00:00:00
554,3,зарплата,38069.6,2025-09-25 00:00:00
555,3,зарплата,57104.4,2025-08-10 00:00:00
556,3,зарплата,38069.6,2025-08-25 00:00:00
557,3,зарплата,57104.4,2025-07-10 00:00:00
558,3,зарплата,38069.6,2025-07-25 00:00:00
559,3,зарплата,57104.4,2025-06-10 00:00:00
560,3,зарплата,38069.6,2025-06-25 00:00:00
561,3,зарплата,57104.4,2025-05-10 00:00:00
562,3,зарплата,38069.6,2025-05-25 00:00:00
563,3,зарплата,57104.4,2025-04-10 00:00:00
564,3,зарплата,38069.6,2025-04-25 00:00:00
565,3,зарплата,57104.4,2025-03-10 00:00:00
566,3,зарплата,38069.6,2025-03-25 00:00:00
567,3,зарплата,57104.4,2025-02-10 00:00:00
568,3,зарплата,38069.6,2025-02-25 00:00:00
569,3,зарплата,57104.4,2025-01-10 00:00:00
570,3,зарплата,38069.6,2025-01-25 00:00:00
571,3,зарплата,57104.4,2024-12-10 00:00:00
572,3,зарплата,38069.6,2024-12-25 00:00:00
573,3,зарплата,57104.4,2024-11-10 00:00:00
574,3,зарплата,38069.6,2024-11-25 00:00:00
575,3,зарплата,57104.4,2024-10-10 00:00:00
576,3,зарплата,38069.6,2024-10-25 00:00:00
577,3,зарплата,69651.0,2025-09-10 00:00:00
578,3,зарплата,46434.0,2025-09-25 00:00:00
579,3,зарплата,69651.0,2025-08-10 00:00:00
580,3,зарплата,46434.0,2025-08-25 00:00:00
581,3,зарплата,69651.0,2025-07-10 00:00:00
582,3,зарплата,46434.0,2025-07-25 00:00:00
583,3,зарплата,69651.0,2025-06-10 00:00:00
584,3,зарплата,46434.0,2025-06-25 00:00:00
585,3,зарплата,69651.0,2025-05-10 00:00:00
586,3,зарплата,46434.0,2025-05-25 00:00:00
587,3,зарплата,69651.0,2025-04-10 00:00:00
588,3,зарплата,46434.0,2025-04-25 00:00:00
589,3,зарплата,69651.0,2025-03-10 00:00:00
590,3,зарплата,46434.0,2025-03-25 00:00:00
591,3,зарплата,69651.0,2025-02-10 00:00:00
592,3,зарплата,46434.0,2025-02-25 00:00:00
593,3,зарплата,69651.0,2025-01-10 00:00:00
594,3,зарплата,46434.0,2025-01-25 00:00:00
595,3,зарплата,69651.0,2024-12-10 00:00:00
596,3,зарплата,46434.0,2024-12-25 00:00:00
597,3,зарплата,69651.0,2024-11-10 00:00:00
598,3,зарплата,46434.0,2024-11-25 00:00:00
599,3,зарплата,69651.0,2024-10-10 00:00:00
600,3,зарплата,46434.0,2024-10-25 00:00:00
601,3,зарплата,53943.6,2025-09-10 00:00:00
602,3,зарплата,35962.4,2025-09-25 00:00:00
603,3,зарплата,53943.6,2025-08-10 00:00:00
604,3,зарплата,35962.4,2025-08-25 00:00:00
605,3,зарплата,53943.6,2025-07-10 00:00:00
606,3,зарплата,35962.4,2025-07-25 00:00:00
607,3,зарплата,53943.6,2025-06-10 00:00:00
608,3,зарплата,35962.4,2025-06-25 00:00:00
609,3,зарплата,53943.6,2025-05-10 00:00:00
610,3,зарплата,35962.4,2025-05-25 00:00:00
611,3,зарплата,53943.6,2025-04-10 00:00:00
612,3,зарплата,35962.4,2025-04-25 00:00:00
613,3,зарплата,53943.6,2025-03-10 00:00:00
614,3,зарплата,35962.4,2025-03-25 00:00:00
615,3,зарплата,53943.6,2025-02-10 00:00:00
616,3,зарплата,35962.4,2025-02-25 00:00:00
617,3,зарплата,53943.6,2025-01-10 00:00:00
618,3,зарплата,35962.4,2025-01-25 00:00:00
619,3,зарплата,53943.6,2024-12-10 00:00:00
620,3,зарплата,35962.4,2024-12-25 00:00:00
621,3,зарплата,53943.6,2024-11-10 00:00:00
622,3,зарплата,35962.4,2024-11-25 00:00:00
623,3,зарплата,53943.6,2024-10-10 00:00:00
624,3,зарплата,35962.4,2024-10-25 00:00:00
625,3,зарплата,58468.2,2025-09-10 00:00:00
626,3,зарплата,38978.8,2025-09-25 00:00:00
627,3,зарплата,58468.2,2025-08-10 00:00:00
628,3,зарплата,38978.8,2025-08-25 00:00:00
629,3,зарплата,58468.2,2025-07-10 00:00:00
630,3,зарплата,38978.8,2025-07-25 00:00:00
631,3,зарплата,58468.2,2025-06-10 00:00:00
632,3,зарплата,38978.8,2025-06-25 00:00:00
633,3,зарплата,58468.2,2025-05-10 00:00:00
634,3,зарплата,38978.8,2025-05-25 00:00:00
635,3,зарплата,58468.2,2025-04-10 00:00:00
636,3,зарплата,38978.8,2025-04-25 00:00:00
637,3,зарплата,58468.2,2025-03-10 00:00:00
638,3,зарплата,38978.8,2025-03-25 00:00:00
639,3,зарплата,58468.2,2025-02-10 00:00:00
640,3,зарплата,38978.8,2025-02-25 00:00:00
641,3,зарплата,58468.2,2025-01-10 00:00:00
642,3,зарплата,38978.8,2025-01-25 00:00:00
643,3,зарплата,58468.2,2024-12-10 00:00:00
644,3,зарплата,38978.8,2024-12-25 00:00:00
645,3,зарплата,58468.2,2024-11-10 00:00:00
646,3,зарплата,38978.8,2024-11-25 00:00:00
647,3,зарплата,58468.2,2024-10-10 00:00:00
648,3,зарплата,38978.8,2024-10-25 00:00:00
649,3,зарплата,62987.399999999994,2025-09-10 00:00:00
650,3,зарплата,41991.600000000006,2025-09-25 00:00:00
651,3,зарплата,62987.399999999994,2025-08-10 00:00:00
652,3,зарплата,41991.600000000006,2025-08-25 00:00:00
653,3,зарплата,62987.399999999994,2025-07-10 00:00:00
654,3,зарплата,41991.600000000006,2025-07-25 00:00:00
655,3,зарплата,62987.399999999994,2025-06-10 00:00:00
656,3,зарплата,41991.600000000006,2025-06-25 00:00:00
657,3,зарплата,62987.399999999994,2025-05-10 00:00:00
658,3,зарплата,41991.600000000006,2025-05-25 00:00:00
659,3,зарплата,62987.399999999994,2025-04-10 00:00:00
660,3,зарплата,41991.600000000006,2025-04-25 00:00:00
661,3,зарплата,62987.399999999994,2025-03-10 00:00:00
662,3,зарплата,41991.600000000006,2025-03-25 00:00:00
663,3,зарплата,62987.399999999994,2025-02-10 00:00:00
664,3,зарплата,41991.600000000006,2025-02-25 00:00:00
665,3,зарплата,62987.399999999994,2025-01-10 00:00:00
666,3,зарплата,41991.600000000006,2025-01-25 00:00:00
667,3,зарплата,62987.399999999994,2024-12-10 00:00:00
668,3,зарплата,41991.600000000006,2024-12-25 00:00:00
669,3,зарплата,62987.399999999994,2024-11-10 00:00:00
670,3,зарплата,41991.600000000006,2024-11-25 00:00:00
671,3,зарплата,62987.399999999994,2024-10-10 00:00:00
672,3,зарплата,41991.600000000006,2024-10-25 00:00:00
673,3,зарплата,65171.399999999994,2025-09-10 00:00:00
674,3,зарплата,43447.600000000006,2025-09-25 00:00:00
675,3,зарплата,65171.399999999994,2025-08-10 00:00:00
676,3,зарплата,43447.600000000006,2025-08-25 00:00:00
677,3,зарплата,65171.399999999994,2025-07-10 00:00:00
678,3,зарплата,43447.600000000006,2025-07-25 00:00:00
679,3,зарплата,65171.399999999994,2025-06-10 00:00:00
680,3,зарплата,43447.600000000006,2025-06-25 00:00:00
681,3,зарплата,65171.399999999994,2025-05-10 00:00:00
682,3,зарплата,43447.600000000006,2025-05-25 00:00:00
683,3,зарплата,65171.399999999994,2025-04-10 00:00:00
684,3,зарплата,43447.600000000006,2025-04-25 00:00:00
685,3,зарплата,65171.399999999994,2025-03-10 00:00:00
686,3,зарплата,43447.600000000006,2025-03-25 00:00:00
687,3,зарплата,65171.399999999994,2025-02-10 00:00:00
688,3,зарплата,43447.600000000006,2025-02-25 00:00:00
689,3,зарплата,65171.399999999994,2025-01-10 00:00:00
690,3,зарплата,43447.600000000006,2025-01-25 00:00:00
691,3,зарплата,65171.399999999994,2024-12-10 00:00:00
692,3,зарплата,43447.600000000006,2024-12-25 00:00:00
693,3,зарплата,65171.399999999994,2024-11-10 00:00:00
694,3,зарплата,43447.600000000006,2024-11-25 00:00:00
695,3,зарплата,65171.399999999994,2024-10-10 00:00:00
696,3,зарплата,43447.600000000006,2024-10-25 00:00:00
697,3,зарплата,56754.0,2025-09-10 00:00:00
698,3,зарплата,37836.0,2025-09-25 00:00:00
699,3,зарплата,56754.0,2025-08-10 00:00:00
700,3,зарплата,37836.0,2025-08-25 00:00:00
701,3,зарплата,56754.0,2025-07-10 00:00:00
702,3,зарплата,37836.0,2025-07-25 00:00:00
703,3,зарплата,56754.0,2025-06-10 00:00:00
704,3,зарплата,37836.0,2025-06-25 00:00:00
705,3,зарплата,56754.0,2025-05-10 00:00:00
706,3,зарплата,37836.0,2025-05-25 00:00:00
707,3,зарплата,56754.0,2025-04-10 00:00:00
708,3,зарплата,37836.0,2025-04-25 00:00:00
709,3,зарплата,56754.0,2025-03-10 00:00:00
710,3,зарплата,37836.0,2025-03-25 00:00:00
711,3,зарплата,56754.0,2025-02-10 00:00:00
712,3,зарплата,37836.0,2025-02-25 00:00:00
713,3,зарплата,56754.0,2025-01-10 00:00:00
714,3,зарплата,37836.0,2025-01-25 00:00:00
715,3,зарплата,56754.0,2024-12-10 00:00:00
716,3,зарплата,37836.0,2024-12-25 00:00:00
717,3,зарплата,56754.0,2024-11-10 00:00:00
718,3,зарплата,37836.0,2024-11-25 00:00:00
719,3,зарплата,56754.0,2024-10-10 00:00:00
720,3,зарплата,37836.0,2024-10-25 00:00:00
721,4,зарплата,62424.6,2025-09-10 00:00:00
722,4,зарплата,41616.4,2025-09-25 00:00:00
723,4,зарплата,62424.6,2025-08-10 00:00:00
724,4,зарплата,41616.4,2025-08-25 00:00:00
725,4,зарплата,62424.6,2025-07-10 00:00:00
726,4,зарплата,41616.4,2025-07-25 00:00:00
727,4,зарплата,62424.6,2025-06-10 00:00:00
728,4,зарплата,41616.4,2025-06-25 00:00:00
729,4,зарплата,62424.6,2025-05-10 00:00:00
730,4,зарплата,41616.4,2025-05-25 00:00:00
731,4,зарплата,62424.6,2025-04-10 00:00:00
732,4,зарплата,41616.4,2025-04-25 00:00:00
733,4,зарплата,62424.6,2025-03-10 00:00:00
734,4,зарплата,41616.4,2025-03-25 00:00:00
735,4,зарплата,62424.6,2025-02-10 00:00:00
736,4,зарплата,41616.4,2025-02-25 00:00:00
737,4,зарплата,62424.6,2025-01-10 00:00:00
738,4,зарплата,41616.4,2025-01-25 00:00:00
739,4,зарплата,62424.6,2024-12-10 00:00:00
740,4,зарплата,41616.4,2024-12-25 00:00:00
741,4,зарплата,62424.6,2024-11-10 00:00:00
742,4,зарплата,41616.4,2024-11-25 00:00:00
743,4,зарплата,62424.6,2024-10-10 00:00:00
744,4,зарплата,41616.4,2024-10-25 00:00:00
745,4,зарплата,54616.2,2025-09-10 00:00:00
746,4,зарплата,36410.8,2025-09-25 00:00:00
747,4,зарплата,54616.2,2025-08-10 00:00:00
748,4,зарплата,36410.8,2025-08-25 00:00:00
749,4,зарплата,54616.2,2025-07-10 00:00:00
750,4,зарплата,36410.8,2025-07-25 00:00:00
751,4,зарплата,54616.2,2025-06-10 00:00:00
752,4,зарплата,36410.8,2025-06-25 00:00:00
753,4,зарплата,54616.2,2025-05-10 00:00:00
754,4,зарплата,36410.8,2025-05-25 00:00:00
755,4,зарплата,54616.2,2025-04-10 00:00:00
756,4,зарплата,36410.8,2025-04-25 00:00:00
757,4,зарплата,54616.2,2025-03-10 00:00:00
758,4,зарплата,36410.8,2025-03-25 00:00:00
759,4,зарплата,54616.2,2025-02-10 00:00:00
760,4,зарплата,36410.8,2025-02-25 00:00:00
761,4,зарплата,54616.2,2025-01-10 00:00:00
762,4,зарплата,36410.8,2025-01-25 00:00:00
763,4,зарплата,54616.2,2024-12-10 00:00:00
764,4,зарплата,36410.8,2024-12-25 00:00:00
765,4,зарплата,54616.2,2024-11-10 00:00:00
766,4,зарплата,36410.8,2024-11-25 00:00:00
767,4,зарплата,54616.2,2024-10-10 00:00:00
768,4,зарплата,36410.8,2024-10-25 00:00:00
769,4,зарплата,63234.6,2025-09-10 00:00:00
770,4,зарплата,42156.4,2025-09-25 00:00:00
771,4,зарплата,63234.6,2025-08-10 00:00:00
772,4,зарплата,42156.4,2025-08-25 00:00:00
773,4,зарплата,63234.6,2025-07-10 00:00:00
774,4,зарплата,42156.4,2025-07-25 00:00:00
775,4,зарплата,63234.6,2025-06-10 00:00:00
776,4,зарплата,42156.4,2025-06-25 00:00:00
777,4,зарплата,63234.6,2025-05-10 00:00:00
778,4,зарплата,42156.4,2025-05-25 00:00:00
779,4,зарплата,63234.6,2025-04-10 00:00:00
780,4,зарплата,42156.4,2025-04-25 00:00:00
781,4,зарплата,63234.6,2025-03-10 00:00:00
782,4,зарплата,42156.4,2025-03-25 00:00:00
783,4,зарплата,63234.6,2025-02-10 00:00:00
784,4,зарплата,42156.4,2025-02-25 00:00:00
785,4,зарплата,63234.6,2025-01-10 00:00:00
786,4,зарплата,42156.4,2025-01-25 00:00:00
787,4,зарплата,63234.6,2024-12-10 00:00:00
788,4,зарплата,42156.4,2024-12-25 00:00:00
789,4,зарплата,63234.6,2024-11-10 00:00:00
790,4,зарплата,42156.4,2024-11-25 00:00:00
791,4,зарплата,63234.6,2024-10-10 00:00:00
792,4,зарплата,42156.4,2024-10-25 00:00:00
793,4,зарплата,58573.799999999996,2025-09-10 00:00:00
794,4,зарплата,39049.200000000004,2025-09-25 00:00:00
795,4,зарплата,58573.799999999996,2025-08-10 00:00:00
796,4,зарплата,39049.200000000004,2025-08-25 00:00:00
797,4,зарплата,58573.799999999996,2025-07-10 00:00:00
798,4,зарплата,39049.200000000004,2025-07-25 00:00:00
799,4,зарплата,58573.799999999996,2025-06-10 00:00:00
800,4,зарплата,39049.200000000004,2025-06-25 00:00:00
801,4,зарплата,58573.799999999996,2025-05-10 00:00:00
802,4,зарплата,39049.200000000004,2025-05-25 00:00:00
803,4,зарплата,58573.799999999996,2025-04-10 00:00:00
804,4,зарплата,39049.200000000004,2025-04-25 00:00:00
805,4,зарплата,58573.799999999996,2025-03-10 00:00:00
806,4,зарплата,39049.200000000004,2025-03-25 00:00:00
807,4,зарплата,58573.799999999996,2025-02-10 00:00:00
808,4,зарплата,39049.200000000004,2025-02-25 00:00:00
809,4,зарплата,58573.799999999996,2025-01-10 00:00:00
810,4,зарплата,39049.200000000004,2025-01-25 00:00:00
811,4,зарплата,58573.799999999996,2024-12-10 00:00:00
812,4,зарплата,39049.200000000004,2024-12-25 00:00:00
813,4,зарплата,58573.799999999996,2024-11-10 00:00:00
814,4,зарплата,39049.200000000004,2024-11-25 00:00:00
815,4,зарплата,58573.799999999996,2024-10-10 00:00:00
816,4,зарплата,39049.200000000004,2024-10-25 00:00:00
817,4,зарплата,72111.0,2025-09-10 00:00:00
818,4,зарплата,48074.0,2025-09-25 00:00:00
819,4,зарплата,72111.0,2025-08-10 00:00:00
820,4,зарплата,48074.0,2025-08-25 00:00:00
821,4,зарплата,72111.0,2025-07-10 00:00:00
822,4,зарплата,48074.0,2025-07-25 00:00:00
823,4,зарплата,72111.0,2025-06-10 00:00:00
824,4,зарплата,48074.0,2025-06-25 00:00:00
825,4,зарплата,72111.0,2025-05-10 00:00:00
826,4,зарплата,48074.0,2025-05-25 00:00:00
827,4,зарплата,72111.0,2025-04-10 00:00:00
828,4,зарплата,48074.0,2025-04-25 00:00:00
829,4,зарплата,72111.0,2025-03-10 00:00:00
830,4,зарплата,48074.0,2025-03-25 00:00:00
831,4,зарплата,72111.0,2025-02-10 00:00:00
832,4,зарплата,48074.0,2025-02-25 00:00:00
833,4,зарплата,72111.0,2025-01-10 00:00:00
834,4,зарплата,48074.0,2025-01-25 00:00:00
835,4,зарплата,72111.0,2024-12-10 00:00:00
836,4,зарплата,48074.0,2024-12-25 00:00:00
837,4,зарплата,72111.0,2024-11-10 00:00:00
838,4,зарплата,48074.0,2024-11-25 00:00:00
839,4,зарплата,72111.0,2024-10-10 00:00:00
840,4,зарплата,48074.0,2024-10-25 00:00:00
841,4,зарплата,54024.0,2025-09-10 00:00:00
842,4,зарплата,36016.0,2025-09-25 00:00:00
843,4,зарплата,54024.0,2025-08-10 00:00:00
844,4,зарплата,36016.0,2025-08-25 00:00:00
845,4,зарплата,54024.0,2025-07-10 00:00:00
846,4,зарплата,36016.0,2025-07-25 00:00:00
847,4,зарплата,54024.0,2025-06-10 00:00:00
848,4,зарплата,36016.0,2025-06-25 00:00:00
849,4,зарплата,54024.0,2025-05-10 00:00:00
850,4,зарплата,36016.0,2025-05-25 00:00:00
851,4,зарплата,54024.0,2025-04-10 00:00:00
852,4,зарплата,36016.0,2025-04-25 00:00:00
853,4,зарплата,54024.0,2025-03-10 00:00:00
854,4,зарплата,36016.0,2025-03-25 00:00:00
855,4,зарплата,54024.0,2025-02-10 00:00:00
856,4,зарплата,36016.0,2025-02-25 00:00:00
857,4,зарплата,54024.0,2025-01-10 00:00:00
858,4,зарплата,36016.0,2025-01-25 00:00:00
859,4,зарплата,54024.0,2024-12-10 00:00:00
860,4,зарплата,36016.0,2024-12-25 00:00:00
861,4,зарплата,54024.0,2024-11-10 00:00:00
862,4,зарплата,36016.0,2024-11-25 00:00:00
863,4,зарплата,54024.0,2024-10-10 00:00:00
864,4,зарплата,36016.0,2024-10-25 00:00:00
865,5,зарплата,67426.8,2025-09-10 00:00:00
866,5,зарплата,44951.200000000004,2025-09-25 00:00:00
867,5,зарплата,67426.8,2025-08-10 00:00:00
868,5,зарплата,44951.200000000004,2025-08-25 00:00:00
869,5,зарплата,67426.8,2025-07-10 00:00:00
870,5,зарплата,44951.200000000004,2025-07-25 00:00:00
871,5,зарплата,67426.8,2025-06-10 00:00:00
872,5,зарплата,44951.200000000004,2025-06-25 00:00:00
873,5,зарплата,67426.8,2025-05-10 00:00:00
874,5,зарплата,44951.200000000004,2025-05-25 00:00:00
875,5,зарплата,67426.8,2025-04-10 00:00:00
876,5,зарплата,44951.200000000004,2025-04-25 00:00:00
877,5,зарплата,67426.8,2025-03-10 00:00:00
878,5,зарплата,44951.200000000004,2025-03-25 00:00:00
879,5,зарплата,67426.8,2025-02-10 00:00:00
880,5,зарплата,44951.200000000004,2025-02-25 00:00:00
881,5,зарплата,67426.8,2025-01-10 00:00:00
882,5,зарплата,44951.200000000004,2025-01-25 00:00:00
883,5,зарплата,67426.8,2024-12-10 00:00:00
884,5,зарплата,44951.200000000004,2024-12-25 00:00:00
885,5,зарплата,67426.8,2024-11-10 00:00:00
886,5,зарплата,44951.200000000004,2024-11-25 00:00:00
887,5,зарплата,67426.8,2024-10-10 00:00:00
888,5,зарплата,44951.200000000004,2024-10-25 00:00:00
889,5,зарплата,57269.4,2025-09-10 00:00:00
890,5,зарплата,38179.6,2025-09-25 00:00:00
891,5,зарплата,57269.4,2025-08-10 00:00:00
892,5,зарплата,38179.6,2025-08-25 00:00:00
893,5,зарплата,57269.4,2025-07-10 00:00:00
894,5,зарплата,38179.6,2025-07-25 00:00:00
895,5,зарплата,57269.4,2025-06-10 00:00:00
896,5,зарплата,38179.6,2025-06-25 00:00:00
897,5,зарплата,57269.4,2025-05-10 00:00:00
898,5,зарплата,38179.6,2025-05-25 00:00:00
899,5,зарплата,57269.4,2025-04-10 00:00:00
900,5,зарплата,38179.6,2025-04-25 00:00:00
901,5,зарплата,57269.4,2025-03-10 00:00:00
902,5,зарплата,38179.6,2025-03-25 00:00:00
903,5,зарплата,57269.4,2025-02-10 00:00:00
904,5,зарплата,38179.6,2025-02-25 00:00:00
905,5,зарплата,57269.4,2025-01-10 00:00:00
906,5,зарплата,38179.6,2025-01-25 00:00:00
907,5,зарплата,57269.4,2024-12-10 00:00:00
908,5,зарплата,38179.6,2024-12-25 00:00:00
909,5,зарплата,57269.4,2024-11-10 00:00:00
910,5,зарплата,38179.6,2024-11-25 00:00:00
911,5,зарплата,57269.4,2024-10-10 00:00:00
912,5,зарплата,38179.6,2024-10-25 00:00:00
913,5,зарплата,47866.799999999996,2025-09-10 00:00:00
914,5,зарплата,31911.2,2025-09-25 00:00:00
915,5,зарплата,47866.799999999996,2025-08-10 00:00:00
916,5,зарплата,31911.2,2025-08-25 00:00:00
917,5,зарплата,47866.799999999996,2025-07-10 00:00:00
918,5,зарплата,31911.2,2025-07-25 00:00:00
919,5,зарплата,47866.799999999996,2025-06-10 00:00:00
920,5,зарплата,31911.2,2025-06-25 00:00:00
921,5,зарплата,47866.799999999996,2025-05-10 00:00:00
922,5,зарплата,31911.2,2025-05-25 00:00:00
923,5,зарплата,47866.799999999996,2025-04-10 00:00:00
924,5,зарплата,31911.2,2025-04-25 00:00:00
925,5,зарплата,47866.799999999996,2025-03-10 00:00:00
926,5,зарплата,31911.2,2025-03-25 00:00:00
927,5,зарплата,47866.799999999996,2025-02-10 00:00:00
928,5,зарплата,31911.2,2025-02-25 00:00:00
929,5,зарплата,47866.799999999996,2025-01-10 00:00:00
930,5,зарплата,31911.2,2025-01-25 00:00:00
931,5,зарплата,47866.799999999996,2024-12-10 00:00:00
932,5,зарплата,31911.2,2024-12-25 00:00:00
933,5,зарплата,47866.799999999996,2024-11-10 00:00:00
934,5,зарплата,31911.2,2024-11-25 00:00:00
935,5,зарплата,47866.799999999996,2024-10-10 00:00:00
936,5,зарплата,31911.2,2024-10-25 00:00:00
937,5,зарплата,58443.0,2025-09-10 00:00:00
938,5,зарплата,38962.0,2025-09-25 00:00:00
939,5,зарплата,58443.0,2025-08-10 00:00:00
940,5,зарплата,38962.0,2025-08-25 00:00:00
941,5,зарплата,58443.0,2025-07-10 00:00:00
942,5,зарплата,38962.0,2025-07-25 00:00:00
943,5,зарплата,58443.0,2025-06-10 00:00:00
944,5,зарплата,38962.0,2025-06-25 00:00:00
945,5,зарплата,58443.0,2025-05-10 00:00:00
946,5,зарплата,38962.0,2025-05-25 00:00:00
947,5,зарплата,58443.0,2025-04-10 00:00:00
948,5,зарплата,38962.0,2025-04-25 00:00:00
949,5,зарплата,58443.0,2025-03-10 00:00:00
950,5,зарплата,38962.0,2025-03-25 00:00:00
951,5,зарплата,58443.0,2025-02-10 00:00:00
952,5,зарплата,38962.0,2025-02-25 00:00:00
953,5,зарплата,58443.0,2025-01-10 00:00:00
954,5,зарплата,38962.0,2025-01-25 00:00:00
955,5,зарплата,58443.0,2024-12-10 00:00:00
956,5,зарплата,38962.0,2024-12-25 00:00:00
957,5,зарплата,58443.0,2024-11-10 00:00:00
958,5,зарплата,38962.0,2024-11-25 00:00:00
959,5,зарплата,58443.0,2024-10-10 00:00:00
960,5,зарплата,38962.0,2024-10-25 00:00:00
961,5,зарплата,58267.799999999996,2025-09-10 00:00:00
962,5,зарплата,38845.200000000004,2025-09-25 00:00:00
963,5,зарплата,58267.799999999996,2025-08-10 00:00:00
964,5,зарплата,38845.200000000004,2025-08-25 00:00:00
965,5,зарплата,58267.799999999996,2025-07-10 00:00:00
966,5,зарплата,38845.200000000004,2025-07-25 00:00:00
967,5,зарплата,58267.799999999996,2025-06-10 00:00:00
968,5,зарплата,38845.200000000004,2025-06-25 00:00:00
969,5,зарплата,58267.799999999996,2025-05-10 00:00:00
970,5,зарплата,38845.200000000004,2025-05-25 00:00:00
971,5,зарплата,58267.799999999996,2025-04-10 00:00:00
972,5,зарплата,38845.200000000004,2025-04-25 00:00:00
973,5,зарплата,58267.799999999996,2025-03-10 00:00:00
974,5,зарплата,38845.200000000004,2025-03-25 00:00:00
975,5,зарплата,58267.799999999996,2025-02-10 00:00:00
976,5,зарплата,38845.200000000004,2025-02-25 00:00:00
977,5,зарплата,58267.799999999996,2025-01-10 00:00:00
978,5,зарплата,38845.200000000004,2025-01-25 00:00:00
979,5,зарплата,58267.799999999996,2024-12-10 00:00:00
980,5,зарплата,38845.200000000004,2024-12-25 00:00:00
981,5,зарплата,58267.799999999996,2024-11-10 00:00:00
982,5,зарплата,38845.200000000004,2024-11-25 00:00:00
983,5,зарплата,58267.799999999996,2024-10-10 00:00:00
984,5,зарплата,38845.200000000004,2024-10-25 00:00:00
985,5,зарплата,52785.0,2025-09-10 00:00:00
986,5,зарплата,35190.0,2025-09-25 00:00:00
987,5,зарплата,52785.0,2025-08-10 00:00:00
988,5,зарплата,35190.0,2025-08-25 00:00:00
989,5,зарплата,52785.0,2025-07-10 00:00:00
990,5,зарплата,35190.0,2025-07-25 00:00:00
991,5,зарплата,52785.0,2025-06-10 00:00:00
992,5,зарплата,35190.0,2025-06-25 00:00:00
993,5,зарплата,52785.0,2025-05-10 00:00:00
994,5,зарплата,35190.0,2025-05-25 00:00:00
995,5,зарплата,52785.0,2025-04-10 00:00:00
996,5,зарплата,35190.0,2025-04-25 00:00:00
997,5,зарплата,52785.0,2025-03-10 00:00:00
998,5,зарплата,35190.0,2025-03-25 00:00:00
999,5,зарплата,52785.0,2025-02-10 00:00:00
1000,5,зарплата,35190.0,2025-02-25 00:00:00
1001,5,зарплата,52785.0,2025-01-10 00:00:00
1002,5,зарплата,35190.0,2025-01-25 00:00:00
1003,5,зарплата,52785.0,2024-12-10 00:00:00
1004,5,зарплата,35190.0,2024-12-25 00:00:00
1005,5,зарплата,52785.0,2024-11-10 00:00:00
1006,5,зарплата,35190.0,2024-11-25 00:00:00
1007,5,зарплата,52785.0,2024-10-10 00:00:00
1008,5,зарплата,35190.0,2024-10-25 00:00:00
1009,5,зарплата,51691.2,2025-09-10 00:00:00
1010,5,зарплата,34460.8,2025-09-25 00:00:00
1011,5,зарплата,51691.2,2025-08-10 00:00:00
1012,5,зарплата,34460.8,2025-08-25 00:00:00
1013,5,зарплата,51691.2,2025-07-10 00:00:00
1014,5,зарплата,34460.8,2025-07-25 00:00:00
1015,5,зарплата,51691.2,2025-06-10 00:00:00
1016,5,зарплата,34460.8,2025-06-25 00:00:00
1017,5,зарплата,51691.2,2025-05-10 00:00:00
1018,5,зарплата,34460.8,2025-05-25 00:00:00
1019,5,зарплата,51691.2,2025-04-10 00:00:00
1020,5,зарплата,34460.8,2025-04-25 00:00:00
1021,5,зарплата,51691.2,2025-03-10 00:00:00
1022,5,зарплата,34460.8,2025-03-25 00:00:00
1023,5,зарплата,51691.2,2025-02-10 00:00:00
1024,5,зарплата,34460.8,2025-02-25 00:00:00
1025,5,зарплата,51691.2,2025-01-10 00:00:00
1026,5,зарплата,34460.8,2025-01-25 00:00:00
1027,5,зарплата,51691.2,2024-12-10 00:00:00
1028,5,зарплата,34460.8,2024-12-25 00:00:00
1029,5,зарплата,51691.2,2024-11-10 00:00:00
1030,5,зарплата,34460.8,2024-11-25 00:00:00
1031,5,зарплата,51691.2,2024-10-10 00:00:00
1032,5,зарплата,34460.8,2024-10-25 00:00:00
1033,5,зарплата,58336.2,2025-09-10 00:00:00
1034,5,зарплата,38890.8,2025-09-25 00:00:00
1035,5,зарплата,58336.2,2025-08-10 00:00:00
1036,5,зарплата,38890.8,2025-08-25 00:00:00
1037,5,зарплата,58336.2,2025-07-10 00:00:00
1038,5,зарплата,38890.8,2025-07-25 00:00:00
1039,5,зарплата,58336.2,2025-06-10 00:00:00
1040,5,зарплата,38890.8,2025-06-25 00:00:00
1041,5,зарплата,58336.2,2025-05-10 00:00:00
1042,5,зарплата,38890.8,2025-05-25 00:00:00
1043,5,зарплата,58336.2,2025-04-10 00:00:00
1044,5,зарплата,38890.8,2025-04-25 00:00:00
1045,5,зарплата,58336.2,2025-03-10 00:00:00
1046,5,зарплата,38890.8,2025-03-25 00:00:00
1047,5,зарплата,58336.2,2025-02-10 00:00:00
1048,5,зарплата,38890.8,2025-02-25 00:00:00
1049,5,зарплата,58336.2,2025-01-10 00:00:00
1050,5,зарплата,38890.8,2025-01-25 00:00:00
1051,5,зарплата,58336.2,2024-12-10 00:00:00
1052,5,зарплата,38890.8,2024-12-25 00:00:00
1053,5,зарплата,58336.2,2024-11-10 00:00:00
1054,5,зарплата,38890.8,2024-11-25 00:00:00
1055,5,зарплата,58336.2,2024-10-10 00:00:00
1056,5,зарплата,38890.8,2024-10-25 00:00:00
1057,5,зарплата,57618.6,2025-09-10 00:00:00
1058,5,зарплата,38412.4,2025-09-25 00:00:00
1059,5,зарплата,57618.6,2025-08-10 00:00:00
1060,5,зарплата,38412.4,2025-08-25 00:00:00
1061,5,зарплата,57618.6,2025-07-10 00:00:00
1062,5,зарплата,38412.4,2025-07-25 00:00:00
1063,5,зарплата,57618.6,2025-06-10 00:00:00
1064,5,зарплата,38412.4,2025-06-25 00:00:00
1065,5,зарплата,57618.6,2025-05-10 00:00:00
1066,5,зарплата,38412.4,2025-05-25 00:00:00
1067,5,зарплата,57618.6,2025-04-10 00:00:00
1068,5,зарплата,38412.4,2025-04-25 00:00:00
1069,5,зарплата,57618.6,2025-03-10 00:00:00
1070,5,зарплата,38412.4,2025-03-25 00:00:00
1071,5,зарплата,57618.6,2025-02-10 00:00:00
1072,5,зарплата,38412.4,2025-02-25 00:00:00
1073,5,зарплата,57618.6,2025-01-10 00:00:00
1074,5,зарплата,38412.4,2025-01-25 00:00:00
1075,5,зарплата,57618.6,2024-12-10 00:00:00
1076,5,зарплата,38412.4,2024-12-25 00:00:00
1077,5,зарплата,57618.6,2024-11-10 00:00:00
1078,5,зарплата,38412.4,2024-11-25 00:00:00
1079,5,зарплата,57618.6,2024-10-10 00:00:00
1080,5,зарплата,38412.4,2024-10-25 00:00:00
1081,5,зарплата,55172.4,2025-09-10 00:00:00
1082,5,зарплата,36781.6,2025-09-25 00:00:00
1083,5,зарплата,55172.4,2025-08-10 00:00:00
1084,5,зарплата,36781.6,2025-08-25 00:00:00
1085,5,зарплата,55172.4,2025-07-10 00:00:00
1086,5,зарплата,36781.6,2025-07-25 00:00:00
1087,5,зарплата,55172.4,2025-06-10 00:00:00
1088,5,зарплата,36781.6,2025-06-25 00:00:00
1089,5,зарплата,55172.4,2025-05-10 00:00:00
1090,5,зарплата,36781.6,2025-05-25 00:00:00
1091,5,зарплата,55172.4,2025-04-10 00:00:00
1092,5,зарплата,36781.6,2025-04-25 00:00:00
1093,5,зарплата,55172.4,2025-03-10 00:00:00
1094,5,зарплата,36781.6,2025-03-25 00:00:00
1095,5,зарплата,55172.4,2025-02-10 00:00:00
1096,5,зарплата,36781.6,2025-02-25 00:00:00
1097,5,зарплата,55172.4,2025-01-10 00:00:00
1098,5,зарплата,36781.6,2025-01-25 00:00:00
1099,5,зарплата,55172.4,2024-12-10 00:00:00
1100,5,зарплата,36781.6,2024-12-25 00:00:00
1101,5,зарплата,55172.4,2024-11-10 00:00:00
1102,5,зарплата,36781.6,2024-11-25 00:00:00
1103,5,зарплата,55172.4,2024-10-10 00:00:00
1104,5,зарплата,36781.6,2024-10-25 00:00:00
1105,6,зарплата,31218.6,2025-09-10 00:00:00
1106,6,зарплата,20812.4,2025-09-25 00:00:00
1107,6,зарплата,31218.6,2025-08-10 00:00:00
1108,6,зарплата,20812.4,2025-08-25 00:00:00
1109,6,зарплата,31218.6,2025-07-10 00:00:00
1110,6,зарплата,20812.4,2025-07-25 00:00:00
1111,6,зарплата,31218.6,2025-06-10 00:00:00
1112,6,зарплата,20812.4,2025-06-25 00:00:00
1113,6,зарплата,31218.6,2025-05-10 00:00:00
1114,6,зарплата,20812.4,2025-05-25 00:00:00
1115,6,зарплата,31218.6,2025-04-10 00:00:00
1116,6,зарплата,20812.4,2025-04-25 00:00:00
1117,6,зарплата,31218.6,2025-03-10 00:00:00
1118,6,зарплата,20812.4,2025-03-25 00:00:00
1119,6,зарплата,31218.6,2025-02-10 00:00:00
1120,6,зарплата,20812.4,2025-02-25 00:00:00
1121,6,зарплата,31218.6,2025-01-10 00:00:00
1122,6,зарплата,20812.4,2025-01-25 00:00:00
1123,6,зарплата,31218.6,2024-12-10 00:00:00
1124,6,зарплата,20812.4,2024-12-25 00:00:00
1125,6,зарплата,31218.6,2024-11-10 00:00:00
1126,6,зарплата,20812.4,2024-11-25 00:00:00
1127,6,зарплата,31218.6,2024-10-10 00:00:00
1128,6,зарплата,20812.4,2024-10-25 00:00:00
1129,6,зарплата,32415.0,2025-09-10 00:00:00
1130,6,зарплата,21610.0,2025-09-25 00:00:00
1131,6,зарплата,32415.0,2025-08-10 00:00:00
1132,6,зарплата,21610.0,2025-08-25 00:00:00
1133,6,зарплата,32415.0,2025-07-10 00:00:00
1134,6,зарплата,21610.0,2025-07-25 00:00:00
1135,6,зарплата,32415.0,2025-06-10 00:00:00
1136,6,зарплата,21610.0,2025-06-25 00:00:00
1137,6,зарплата,32415.0,2025-05-10 00:00:00
1138,6,зарплата,21610.0,2025-05-25 00:00:00
1139,6,зарплата,32415.0,2025-04-10 00:00:00
1140,6,зарплата,21610.0,2025-04-25 00:00:00
1141,6,зарплата,32415.0,2025-03-10 00:00:00
1142,6,зарплата,21610.0,2025-03-25 00:00:00
1143,6,зарплата,32415.0,2025-02-10 00:00:00
1144,6,зарплата,21610.0,2025-02-25 00:00:00
1145,6,зарплата,32415.0,2025-01-10 00:00:00
1146,6,зарплата,21610.0,2025-01-25 00:00:00
1147,6,зарплата,32415.0,2024-12-10 00:00:00
1148,6,зарплата,21610.0,2024-12-25 00:00:00
1149,6,зарплата,32415.0,2024-11-10 00:00:00
1150,6,зарплата,21610.0,2024-11-25 00:00:00
1151,6,зарплата,32415.0,2024-10-10 00:00:00
1152,6,зарплата,21610.0,2024-10-25 00:00:00
1153,6,зарплата,36142.2,2025-09-10 00:00:00
1154,6,зарплата,24094.800000000003,2025-09-25 00:00:00
1155,6,зарплата,36142.2,2025-08-10 00:00:00
1156,6,зарплата,24094.800000000003,2025-08-25 00:00:00
1157,6,зарплата,36142.2,2025-07-10 00:00:00
1158,6,зарплата,24094.800000000003,2025-07-25 00:00:00
1159,6,зарплата,36142.2,2025-06-10 00:00:00
1160,6,зарплата,24094.800000000003,2025-06-25 00:00:00
1161,6,зарплата,36142.2,2025-05-10 00:00:00
1162,6,зарплата,24094.800000000003,2025-05-25 00:00:00
1163,6,зарплата,36142.2,2025-04-10 00:00:00
1164,6,зарплата,24094.800000000003,2025-04-25 00:00:00
1165,6,зарплата,36142.2,2025-03-10 00:00:00
1166,6,зарплата,24094.800000000003,2025-03-25 00:00:00
1167,6,зарплата,36142.2,2025-02-10 00:00:00
1168,6,зарплата,24094.800000000003,2025-02-25 00:00:00
1169,6,зарплата,36142.2,2025-01-10 00:00:00
1170,6,зарплата,24094.800000000003,2025-01-25 00:00:00
1171,6,зарплата,36142.2,2024-12-10 00:00:00
1172,6,зарплата,24094.800000000003,2024-12-25 00:00:00
1173,6,зарплата,36142.2,2024-11-10 00:00:00
1174,6,зарплата,24094.800000000003,2024-11-25 00:00:00
1175,6,зарплата,36142.2,2024-10-10 00:00:00
1176,6,зарплата,24094.800000000003,2024-10-25 00:00:00
1177,6,зарплата,36673.799999999996,2025-09-10 00:00:00
1178,6,зарплата,24449.2,2025-09-25 00:00:00
1179,6,зарплата,36673.799999999996,2025-08-10 00:00:00
1180,6,зарплата,24449.2,2025-08-25 00:00:00
1181,6,зарплата,36673.799999999996,2025-07-10 00:00:00
1182,6,зарплата,24449.2,2025-07-25 00:00:00
1183,6,зарплата,36673.799999999996,2025-06-10 00:00:00
1184,6,зарплата,24449.2,2025-06-25 00:00:00
1185,6,зарплата,36673.799999999996,2025-05-10 00:00:00
1186,6,зарплата,24449.2,2025-05-25 00:00:00
1187,6,зарплата,36673.799999999996,2025-04-10 00:00:00
1188,6,зарплата,24449.2,2025-04-25 00:00:00
1189,6,зарплата,36673.799999999996,2025-03-10 00:00:00
1190,6,зарплата,24449.2,2025-03-25 00:00:00
1191,6,зарплата,36673.799999999996,2025-02-10 00:00:00
1192,6,зарплата,24449.2,2025-02-25 00:00:00
1193,6,зарплата,36673.799999999996,2025-01-10 00:00:00
1194,6,зарплата,24449.2,2025-01-25 00:00:00
1195,6,зарплата,36673.799999999996,2024-12-10 00:00:00
1196,6,зарплата,24449.2,2024-12-25 00:00:00
1197,6,зарплата,36673.799999999996,2024-11-10 00:00:00
1198,6,зарплата,24449.2,2024-11-25 00:00:00
1199,6,зарплата,36673.799999999996,2024-10-10 00:00:00
1200,6,зарплата,24449.2,2024-10-25 00:00:00
1201,6,зарплата,26624.399999999998,2025-09-10 00:00:00
1202,6,зарплата,17749.600000000002,2025-09-25 00:00:00
1203,6,зарплата,26624.399999999998,2025-08-10 00:00:00
1204,6,зарплата,17749.600000000002,2025-08-25 00:00:00
1205,6,зарплата,26624.399999999998,2025-07-10 00:00:00
1206,6,зарплата,17749.600000000002,2025-07-25 00:00:00
1207,6,зарплата,26624.399999999998,2025-06-10 00:00:00
1208,6,зарплата,17749.600000000002,2025-06-25 00:00:00
1209,6,зарплата,26624.399999999998,2025-05-10 00:00:00
1210,6,зарплата,17749.600000000002,2025-05-25 00:00:00
1211,6,зарплата,26624.399999999998,2025-04-10 00:00:00
1212,6,зарплата,17749.600000000002,2025-04-25 00:00:00
1213,6,зарплата,26624.399999999998,2025-03-10 00:00:00
1214,6,зарплата,17749.600000000002,2025-03-25 00:00:00
1215,6,зарплата,26624.399999999998,2025-02-10 00:00:00
1216,6,зарплата,17749.600000000002,2025-02-25 00:00:00
1217,6,зарплата,26624.399999999998,2025-01-10 00:00:00
1218,6,зарплата,17749.600000000002,2025-01-25 00:00:00
1219,6,зарплата,26624.399999999998,2024-12-10 00:00:00
1220,6,зарплата,17749.600000000002,2024-12-25 00:00:00
1221,6,зарплата,26624.399999999998,2024-11-10 00:00:00
1222,6,зарплата,17749.600000000002,2024-11-25 00:00:00
1223,6,зарплата,26624.399999999998,2024-10-10 00:00:00
1224,6,зарплата,17749.600000000002,2024-10-25 00:00:00
1225,6,зарплата,33412.2,2025-09-10 00:00:00
1226,6,зарплата,22274.800000000003,2025-09-25 00:00:00
1227,6,зарплата,33412.2,2025-08-10 00:00:00
1228,6,зарплата,22274.800000000003,2025-08-25 00:00:00
1229,6,зарплата,33412.2,2025-07-10 00:00:00
1230,6,зарплата,22274.800000000003,2025-07-25 00:00:00
1231,6,зарплата,33412.2,2025-06-10 00:00:00
1232,6,зарплата,22274.800000000003,2025-06-25 00:00:00
1233,6,зарплата,33412.2,2025-05-10 00:00:00
1234,6,зарплата,22274.800000000003,2025-05-25 00:00:00
1235,6,зарплата,33412.2,2025-04-10 00:00:00
1236,6,зарплата,22274.800000000003,2025-04-25 00:00:00
1237,6,зарплата,33412.2,2025-03-10 00:00:00
1238,6,зарплата,22274.800000000003,2025-03-25 00:00:00
1239,6,зарплата,33412.2,2025-02-10 00:00:00
1240,6,зарплата,22274.800000000003,2025-02-25 00:00:00
1241,6,зарплата,33412.2,2025-01-10 00:00:00
1242,6,зарплата,22274.800000000003,2025-01-25 00:00:00
1243,6,зарплата,33412.2,2024-12-10 00:00:00
1244,6,зарплата,22274.800000000003,2024-12-25 00:00:00
1245,6,зарплата,33412.2,2024-11-10 00:00:00
1246,6,зарплата,22274.800000000003,2024-11-25 00:00:00
1247,6,зарплата,33412.2,2024-10-10 00:00:00
1248,6,зарплата,22274.800000000003,2024-10-25 00:00:00
1249,6,зарплата,28828.8,2025-09-10 00:00:00
1250,6,зарплата,19219.2,2025-09-25 00:00:00
1251,6,зарплата,28828.8,2025-08-10 00:00:00
1252,6,зарплата,19219.2,2025-08-25 00:00:00
1253,6,зарплата,28828.8,2025-07-10 00:00:00
1254,6,зарплата,19219.2,2025-07-25 00:00:00
1255,6,зарплата,28828.8,2025-06-10 00:00:00
1256,6,зарплата,19219.2,2025-06-25 00:00:00
1257,6,зарплата,28828.8,2025-05-10 00:00:00
1258,6,зарплата,19219.2,2025-05-25 00:00:00
1259,6,зарплата,28828.8,2025-04-10 00:00:00
1260,6,зарплата,19219.2,2025-04-25 00:00:00
1261,6,зарплата,28828.8,2025-03-10 00:00:00
1262,6,зарплата,19219.2,2025-03-25 00:00:00
1263,6,зарплата,28828.8,2025-02-10 00:00:00
1264,6,зарплата,19219.2,2025-02-25 00:00:00
1265,6,зарплата,28828.8,2025-01-10 00:00:00
1266,6,зарплата,19219.2,2025-01-25 00:00:00
1267,6,зарплата,28828.8,2024-12-10 00:00:00
1268,6,зарплата,19219.2,2024-12-25 00:00:00
1269,6,зарплата,28828.8,2024-11-10 00:00:00
1270,6,зарплата,19219.2,2024-11-25 00:00:00
1271,6,зарплата,28828.8,2024-10-10 00:00:00
1272,6,зарплата,19219.2,2024-10-25 00:00:00
1273,6,зарплата,25191.6,2025-09-10 00:00:00
1274,6,зарплата,16794.4,2025-09-25 00:00:00
1275,6,зарплата,25191.6,2025-08-10 00:00:00
1276,6,зарплата,16794.4,2025-08-25 00:00:00
1277,6,зарплата,25191.6,2025-07-10 00:00:00
1278,6,зарплата,16794.4,2025-07-25 00:00:00
1279,6,зарплата,25191.6,2025-06-10 00:00:00
1280,6,зарплата,16794.4,2025-06-25 00:00:00
1281,6,зарплата,25191.6,2025-05-10 00:00:00
1282,6,зарплата,16794.4,2025-05-25 00:00:00
1283,6,зарплата,25191.6,2025-04-10 00:00:00
1284,6,зарплата,16794.4,2025-04-25 00:00:00
1285,6,зарплата,25191.6,2025-03-10 00:00:00
1286,6,зарплата,16794.4,2025-03-25 00:00:00
1287,6,зарплата,25191.6,2025-02-10 00:00:00
1288,6,зарплата,16794.4,2025-02-25 00:00:00
1289,6,зарплата,25191.6,2025-01-10 00:00:00
1290,6,зарплата,16794.4,2025-01-25 00:00:00
1291,6,зарплата,25191.6,2024-12-10 00:00:00
1292,6,зарплата,16794.4,2024-12-25 00:00:00
1293,6,зарплата,25191.6,2024-11-10 00:00:00
1294,6,зарплата,16794.4,2024-11-25 00:00:00
1295,6,зарплата,25191.6,2024-10-10 00:00:00
1296,6,зарплата,16794.4,2024-10-25 00:00:00
1297,1,закупка оборудования,166966,2024-09-11 11:05:17
1298,1,электричество,94652,2025-01-09 22:30:47
1299,1,закупка оборудования,194648,2025-03-30 07:54:11
1300,1,электричество,457329,2024-10-19 07:18:55
1301,1,электричество,449092,2025-05-17 21:47:56
1302,1,обучение персонала,248232,2025-05-22 12:49:58
1303,2,закупка оборудования,331896,2025-08-18 19:40:36
1304,2,обучение персонала,465662,2025-05-14 17:28:03
1305,2,связь,185957,2025-05-02 08:24:37
1306,2,ремонт техники,479775,2024-09-15 13:54:42
1307,2,интернет,258977,2025-01-14 01:48:49
1308,2,ремонт техники,442980,2024-10-10 15:20:17
1309,2,конференции,497416,2025-07-03 11:31:39
1310,2,электричество,188259,2024-11-26 10:04:03
1311,3,конференции,68425,2024-12-04 04:45:49
1312,3,конференции,72832,2024-12-22 15:07:57
1313,3,закупка оборудования,246375,2025-04-05 12:50:26
1314,3,ремонт техники,380002,2025-01-07 11:02:32
1315,3,связь,249285,2024-12-18 04:02:03
1316,3,закупка оборудования,115927,2025-06-10 16:45:49
1317,3,ремонт техники,134693,2024-09-30 21:40:08
1318,3,аренда ПО,478882,2025-05-02 10:13:09
1319,3,командировки,479109,2024-12-10 03:02:33
1320,3,связь,432843,2025-07-02 17:06:15
1321,4,связь,169606,2025-06-21 14:32:20
1322,4,интернет,385424,2025-02-28 02:27:09
1323,4,закупка оборудования,120633,2024-12-30 00:55:43
1324,4,ремонт техники,103482,2025-01-14 00:48:25
1325,4,ремонт техники,208197,2025-02-20 09:20:32
1326,4,конференции,195880,2025-05-06 15:35:19
1327,4,аренда ПО,171107,2024-12-11 12:12:55
1328,4,интернет,186435,2025-02-16 01:30:33
1329,4,интернет,345053,2025-06-17 06:33:32
1330,5,аренда ПО,49732,2025-07-11 03:56:53
1331,5,связь,335109,2025-06-27 05:33:59
1332,5,канцелярия,325417,2025-07-13 01:17:48
1333,5,интернет,42344,2025-04-22 10:59:16
1334,5,закупка оборудования,408471,2024-10-26 06:34:35
1335,5,аренда ПО,284835,2025-06-05 00:26:37
1336,5,обучение персонала,323882,2025-04-30 11:49:08
1337,5,связь,189631,2024-09-12 17:42:10
1338,5,обучение персонала,316159,2025-04-05 08:43:09
1339,5,закупка оборудования,221810,2025-08-17 12:36:34
1340,6,ремонт техники,61471,2024-12-20 16:55:06
1341,6,аренда ПО,378530,2024-10-31 14:27:34
1342,6,интернет,233462,2025-05-03 14:54:29
1343,6,командировки,44484,2025-04-18 01:18:06
1344,6,ремонт техники,52269,2025-07-06 22:52:54
1345,6,канцелярия,248363,2025-03-02 18:28:22
1346,6,закупка оборудования,235794,2024-11-14 08:09:00
1347,6,ремонт техники,321555,2024-12-29 19:29:44
1348,6,связь,403284,2025-01-26 02:35:17
1349,6,закупка оборудования,114812,2024-09-25 22:30:40
1350,6,связь,497137,2024-09-10 18:13:09
1351,6,закупка оборудования,264449,2025-09-05 07:22:53
